Año,Trimestre,Provincia,ADSL,Cablemodem,Fibra óptica,Wireless,Otros,Total,Banda ancha fija,Dial up,Accesos por cada 100 hogares,Mbps (Media de bajada)
2022,1,Buenos Aires,392045.0,2728865.0,1242121.0,125521.0,66872.0,4555424.0,4549131.0,6293.0,7608.0,63.0
2022,1,Capital Federal,102290.0,1217225.0,62308.0,5784.0,29934.0,1417541.0,1415378.0,2163.0,1118.0,88.0
2022,1,Catamarca,14181.0,15517.0,29118.0,1328.0,2234.0,62378.0,62377.0,1.0,5821.0,51.0
2022,1,Chaco,32391.0,64546.0,36662.0,8164.0,2356.0,144119.0,144114.0,5.0,4406.0,46.0
2022,1,Chubut,44133.0,66667.0,9184.0,30592.0,21052.0,171628.0,170701.0,927.0,8805.0,13.0
2022,1,Córdoba,195610.0,501799.0,235838.0,60843.0,9713.0,1003803.0,1003729.0,74.0,8576.0,50.0
2022,1,Corrientes,40462.0,79093.0,10875.0,6774.0,5374.0,142578.0,142574.0,4.0,4764.0,38.0
2022,1,Entre Ríos,67159.0,138986.0,23091.0,26098.0,12592.0,267926.0,267904.0,22.0,637.0,36.0
2022,1,Formosa,16397.0,15927.0,5146.0,16876.0,202.0,54548.0,54548.0,0.0,3496.0,30.0
2022,1,Jujuy,21307.0,60616.0,25949.0,4662.0,3975.0,116509.0,116509.0,0.0,5806.0,28.0
2022,1,La Pampa,8003.0,58978.0,21739.0,19903.0,1109.0,109732.0,109560.0,172.0,9166.0,15.0
2022,1,La Rioja,9103.0,59228.0,9546.0,6395.0,31.0,84303.0,84299.0,4.0,7877.0,41.0
2022,1,Mendoza,49464.0,74145.0,123228.0,26969.0,1379.0,275185.0,274399.0,786.0,4874.0,26.0
2022,1,Misiones,39147.0,91752.0,25178.0,7807.0,7624.0,171508.0,171508.0,0.0,4904.0,42.0
2022,1,Neuquén,28443.0,73200.0,24193.0,23098.0,745.0,149679.0,149208.0,471.0,7417.0,43.0
2022,1,Río Negro,38662.0,45366.0,38037.0,16815.0,18494.0,157374.0,156821.0,553.0,6704.0,31.0
2022,1,Salta,44714.0,98667.0,40994.0,5950.0,7190.0,197515.0,197510.0,5.0,5611.0,37.0
2022,1,San Juan,34038.0,14449.0,11294.0,20723.0,7674.0,88178.0,87888.0,290.0,4355.0,12.0
2022,1,San Luis,7987.0,11296.0,31.0,71809.0,28721.0,119844.0,119659.0,185.0,8072.0,21.0
2022,1,Santa Cruz,10537.0,23420.0,10766.0,3974.0,405.0,49102.0,48898.0,204.0,4334.0,11.0
2022,1,Santa Fe,213486.0,444609.0,146552.0,45261.0,20571.0,870479.0,870364.0,115.0,773.0,39.0
2022,1,Santiago Del Estero,18118.0,87979.0,1093.0,6349.0,2922.0,116461.0,116459.0,2.0,4717.0,14.0
2022,1,Tierra Del Fuego,13031.0,38700.0,416.0,124.0,340.0,52611.0,52298.0,313.0,9829.0,11.0
2022,1,Tucumán,92532.0,62396.0,86174.0,3995.0,487.0,245584.0,245554.0,30.0,5739.0,47.0
2021,4,Buenos Aires,426325.0,2706506.0,1176024.0,126887.0,73415.0,4509157.0,4502772.0,6385.0,7566.0,60.0
2021,4,Capital Federal,111360.0,1205128.0,60005.0,5679.0,29947.0,1412119.0,1409935.0,2184.0,11127.0,83.0
2021,4,Catamarca,16385.0,13858.0,25100.0,1512.0,2235.0,59090.0,59089.0,1.0,5525.0,46.0
2021,4,Chaco,35548.0,63145.0,34688.0,8005.0,2359.0,143745.0,143740.0,5.0,4405.0,42.0
2021,4,Chubut,46361.0,57412.0,9655.0,28041.0,18839.0,160308.0,159364.0,944.0,8257.0,9.0
2021,4,Córdoba,212011.0,487489.0,217214.0,61277.0,8779.0,986770.0,986693.0,77.0,8451.0,46.0
2021,4,Corrientes,42523.0,71183.0,10138.0,6778.0,5290.0,135912.0,135908.0,4.0,4551.0,36.0
2021,4,Entre Ríos,70459.0,133387.0,23452.0,25022.0,12726.0,265046.0,265024.0,22.0,6316.0,33.0
2021,4,Formosa,17211.0,15111.0,5151.0,16018.0,172.0,53663.0,53663.0,0.0,3445.0,29.0
2021,4,Jujuy,22330.0,60511.0,24156.0,2927.0,3991.0,113915.0,113915.0,0.0,5692.0,27.0
2021,4,La Pampa,8175.0,58000.0,20192.0,19286.0,1354.0,107007.0,106834.0,173.0,8957.0,14.0
2021,4,La Rioja,10387.0,56651.0,9446.0,6613.0,31.0,83128.0,83124.0,4.0,7792.0,40.0
2021,4,Mendoza,59842.0,71553.0,109667.0,24666.0,1859.0,267587.0,266783.0,804.0,4751.0,22.0
2021,4,Misiones,41778.0,92068.0,22035.0,7649.0,7602.0,171132.0,171132.0,0.0,4906.0,39.0
2021,4,Neuquén,29175.0,72761.0,23253.0,21531.0,746.0,147466.0,146989.0,477.0,733.0,40.0
2021,4,Río Negro,42037.0,44495.0,32212.0,16558.0,18451.0,153753.0,153189.0,564.0,6569.0,27.0
2021,4,Salta,46972.0,99808.0,39555.0,5882.0,7188.0,199405.0,199399.0,6.0,5681.0,34.0
2021,4,San Juan,35868.0,13102.0,11072.0,11423.0,8493.0,79958.0,79667.0,291.0,3959.0,11.0
2021,4,San Luis,8472.0,11064.0,30.0,70560.0,28723.0,118849.0,118662.0,187.0,803.0,21.0
2021,4,Santa Cruz,10790.0,22902.0,10031.0,4346.0,417.0,48486.0,48276.0,210.0,4305.0,9.0
2021,4,Santa Fe,233427.0,444373.0,128856.0,43556.0,16229.0,866441.0,866265.0,176.0,7709.0,36.0
2021,4,Santiago Del Estero,19032.0,86563.0,1088.0,6256.0,2922.0,115861.0,115859.0,2.0,4705.0,14.0
2021,4,Tierra Del Fuego,13317.0,38148.0,426.0,124.0,342.0,52357.0,52042.0,315.0,984.0,11.0
2021,4,Tucumán,97830.0,59022.0,78790.0,2511.0,486.0,238639.0,238609.0,30.0,5593.0,45.0
2021,3,Buenos Aires,585729.0,2595485.0,885613.0,120228.0,64554.0,4251609.0,4246425.0,5184.0,7168.0,56.0
2021,3,Capital Federal,142902.0,1192107.0,42966.0,6059.0,29371.0,1413405.0,1411797.0,1608.0,11127.0,78.0
2021,3,Catamarca,18413.0,11709.0,22331.0,1568.0,2233.0,56254.0,56253.0,1.0,5271.0,43.0
2021,3,Chaco,38258.0,63659.0,27583.0,8018.0,2353.0,139871.0,139868.0,3.0,4296.0,39.0
2021,3,Chubut,49269.0,55794.0,8946.0,23376.0,18681.0,156066.0,155266.0,800.0,8071.0,8.0
2021,3,Córdoba,229275.0,477223.0,167495.0,57617.0,15178.0,946788.0,946726.0,62.0,8128.0,42.0
2021,3,Corrientes,44805.0,69403.0,7542.0,6766.0,5303.0,133819.0,133816.0,3.0,449.0,32.0
2021,3,Entre Ríos,74443.0,128752.0,20485.0,23500.0,13195.0,260375.0,260360.0,15.0,6218.0,30.0
2021,3,Formosa,18093.0,14111.0,4730.0,15690.0,171.0,52795.0,52795.0,0.0,3396.0,27.0
2021,3,Jujuy,23554.0,60758.0,19926.0,2952.0,3968.0,111158.0,111158.0,0.0,5569.0,26.0
2021,3,La Pampa,9015.0,57881.0,17817.0,14479.0,1295.0,100487.0,100371.0,116.0,8428.0,13.0
2021,3,La Rioja,11329.0,54744.0,9444.0,6613.0,30.0,82160.0,82157.0,3.0,7726.0,39.0
2021,3,Mendoza,91474.0,71247.0,70579.0,21811.0,828.0,255939.0,255320.0,619.0,4555.0,13.0
2021,3,Misiones,43230.0,89469.0,10969.0,7198.0,7662.0,158528.0,158528.0,0.0,4557.0,31.0
2021,3,Neuquén,29650.0,73794.0,16455.0,19270.0,640.0,139809.0,139436.0,373.0,6971.0,38.0
2021,3,Río Negro,47934.0,44519.0,18725.0,15031.0,18376.0,144585.0,144084.0,501.0,6197.0,25.0
2021,3,Salta,49212.0,98318.0,36126.0,5724.0,6453.0,195833.0,195831.0,2.0,5596.0,31.0
2021,3,San Juan,40072.0,12922.0,6670.0,11372.0,8447.0,79483.0,79227.0,256.0,3946.0,7.0
2021,3,San Luis,8417.0,11884.0,27.0,68856.0,28680.0,117864.0,117716.0,148.0,7987.0,22.0
2021,3,Santa Cruz,12347.0,22961.0,6328.0,4269.0,3071.0,48976.0,48779.0,197.0,4375.0,8.0
2021,3,Santa Fe,245929.0,443156.0,93412.0,43447.0,15640.0,841584.0,841433.0,151.0,7502.0,33.0
2021,3,Santiago Del Estero,19939.0,85535.0,909.0,6147.0,2928.0,115458.0,115457.0,1.0,47.0,13.0
2021,3,Tierra Del Fuego,12853.0,36958.0,6.0,16.0,390.0,50223.0,49934.0,289.0,9495.0,10.0
2021,3,Tucumán,104489.0,53868.0,70964.0,2408.0,743.0,232472.0,232447.0,25.0,5464.0,42.0
2021,2,Buenos Aires,603255.0,2503830.0,854173.0,113546.0,57547.0,4132351.0,4127167.0,5184.0,70.0,53.0
2021,2,Capital Federal,148989.0,1175097.0,41318.0,5580.0,29371.0,1400355.0,1398747.0,1608.0,11014.0,73.0
2021,2,Catamarca,20305.0,9426.0,22331.0,1449.0,2233.0,55744.0,55743.0,1.0,5234.0,42.0
2021,2,Chaco,39826.0,62948.0,27584.0,8018.0,2353.0,140729.0,140726.0,3.0,4333.0,37.0
2021,2,Chubut,49271.0,41497.0,6081.0,23682.0,18706.0,139237.0,138412.0,825.0,7229.0,8.0
2021,2,Córdoba,239780.0,467782.0,151855.0,55944.0,15519.0,930880.0,930818.0,62.0,8012.0,40.0
2021,2,Corrientes,46648.0,67262.0,3731.0,6557.0,5303.0,129501.0,129498.0,3.0,4354.0,30.0
2021,2,Entre Ríos,77836.0,124957.0,17856.0,23786.0,13197.0,257632.0,257617.0,15.0,6166.0,28.0
2021,2,Formosa,19571.0,12509.0,3610.0,15690.0,171.0,51551.0,51551.0,0.0,3323.0,24.0
2021,2,Jujuy,24738.0,60800.0,19611.0,2731.0,3968.0,111848.0,111848.0,0.0,5618.0,26.0
2021,2,La Pampa,9017.0,57014.0,17132.0,13209.0,1295.0,97667.0,97551.0,116.0,8208.0,12.0
2021,2,La Rioja,11627.0,54255.0,9445.0,6245.0,30.0,81602.0,81599.0,3.0,7698.0,39.0
2021,2,Mendoza,91503.0,70834.0,44696.0,21811.0,827.0,229671.0,229052.0,619.0,4097.0,13.0
2021,2,Misiones,44960.0,87861.0,10376.0,5317.0,7662.0,156176.0,156176.0,0.0,4501.0,29.0
2021,2,Neuquén,30083.0,72690.0,15619.0,19218.0,640.0,138250.0,137877.0,373.0,6914.0,36.0
2021,2,Río Negro,48189.0,43761.0,18727.0,15031.0,18376.0,144084.0,143583.0,501.0,6194.0,24.0
2021,2,Salta,51396.0,96016.0,32050.0,5724.0,6453.0,191639.0,191637.0,2.0,5493.0,29.0
2021,2,San Juan,40072.0,12369.0,6673.0,11372.0,8447.0,78933.0,78677.0,256.0,3928.0,7.0
2021,2,San Luis,8417.0,11308.0,28.0,66860.0,36205.0,122818.0,122670.0,148.0,8348.0,22.0
2021,2,Santa Cruz,12347.0,22967.0,6328.0,4269.0,3071.0,48982.0,48785.0,197.0,4401.0,8.0
2021,2,Santa Fe,256741.0,431915.0,90424.0,43997.0,17523.0,840600.0,840449.0,151.0,7507.0,31.0
2021,2,Santiago Del Estero,20734.0,83770.0,909.0,5081.0,3596.0,114090.0,114089.0,1.0,4656.0,13.0
2021,2,Tierra Del Fuego,12853.0,22504.0,6.0,14.0,316.0,35693.0,35404.0,289.0,6789.0,9.0
2021,2,Tucumán,110429.0,48359.0,71683.0,1837.0,743.0,233051.0,233026.0,25.0,5493.0,40.0
2021,1,Buenos Aires,629679.0,2452056.0,821597.0,98806.0,57864.0,4060002.0,4054936.0,5066.0,6911.0,51.0
2021,1,Capital Federal,159805.0,1145093.0,39980.0,5559.0,29236.0,1379673.0,1378283.0,1390.0,10842.0,68.0
2021,1,Catamarca,26316.0,4409.0,18688.0,322.0,2233.0,51968.0,51967.0,1.0,489.0,40.0
2021,1,Chaco,43214.0,61251.0,25426.0,8004.0,1875.0,139770.0,139767.0,3.0,4314.0,34.0
2021,1,Chubut,45501.0,40960.0,3444.0,23723.0,18712.0,132340.0,131515.0,825.0,6899.0,8.0
2021,1,Córdoba,260350.0,444695.0,134634.0,54137.0,17065.0,910881.0,910826.0,55.0,7859.0,36.0
2021,1,Corrientes,49160.0,62876.0,3337.0,5949.0,5303.0,126625.0,126622.0,3.0,4266.0,26.0
2021,1,Entre Ríos,83688.0,118424.0,16846.0,20836.0,12169.0,251963.0,251950.0,13.0,6044.0,24.0
2021,1,Formosa,20663.0,11412.0,2562.0,15669.0,380.0,50686.0,50686.0,0.0,3273.0,21.0
2021,1,Jujuy,32254.0,54324.0,17322.0,2677.0,3879.0,110456.0,110456.0,0.0,5563.0,27.0
2021,1,La Pampa,8946.0,58711.0,15779.0,12369.0,1300.0,97105.0,96989.0,116.0,8178.0,11.0
2021,1,La Rioja,17363.0,34984.0,1.0,250.0,30.0,52628.0,52625.0,3.0,4981.0,13.0
2021,1,Mendoza,91844.0,69295.0,38619.0,18332.0,833.0,218923.0,218308.0,615.0,3915.0,13.0
2021,1,Misiones,48292.0,82339.0,7064.0,4796.0,6896.0,149387.0,149387.0,0.0,4317.0,25.0
2021,1,Neuquén,30223.0,70457.0,14171.0,17752.0,632.0,133235.0,132862.0,373.0,6684.0,34.0
2021,1,Río Negro,48777.0,42192.0,17828.0,13994.0,18377.0,141168.0,140667.0,501.0,6088.0,22.0
2021,1,Salta,54768.0,89187.0,31498.0,5669.0,6452.0,187574.0,187572.0,2.0,5393.0,27.0
2021,1,San Juan,40072.0,11589.0,6671.0,11482.0,8453.0,78267.0,78011.0,256.0,3906.0,7.0
2021,1,San Luis,8417.0,10678.0,28.0,63826.0,36205.0,119154.0,119006.0,148.0,8124.0,22.0
2021,1,Santa Cruz,12347.0,23089.0,5975.0,4264.0,390.0,46065.0,45868.0,197.0,4165.0,8.0
2021,1,Santa Fe,277012.0,421480.0,70976.0,39140.0,17519.0,826127.0,825990.0,137.0,7392.0,28.0
2021,1,Santiago Del Estero,26468.0,75849.0,570.0,5158.0,3596.0,111641.0,111640.0,1.0,4567.0,12.0
2021,1,Tierra Del Fuego,12853.0,27247.0,6.0,0.0,316.0,40422.0,40133.0,289.0,7735.0,9.0
2021,1,Tucumán,147199.0,12185.0,69954.0,1834.0,740.0,231912.0,231890.0,22.0,5482.0,38.0
2020,4,Buenos Aires,635651.0,2441248.0,804991.0,93444.0,57927.0,4033261.0,4028195.0,5066.0,6898.0,50.0
2020,4,Capital Federal,163060.0,1142528.0,39890.0,4815.0,29237.0,1379530.0,1378140.0,1390.0,10831.0,67.0
2020,4,Catamarca,26870.0,5115.0,17856.0,322.0,2233.0,52396.0,52395.0,1.0,4941.0,38.0
2020,4,Chaco,44332.0,61200.0,23687.0,7997.0,1875.0,139091.0,139088.0,3.0,4303.0,32.0
2020,4,Chubut,45703.0,39756.0,3040.0,23363.0,18712.0,130574.0,129749.0,825.0,6835.0,7.0
2020,4,Córdoba,267396.0,439322.0,125620.0,52827.0,17536.0,902701.0,902646.0,55.0,7808.0,35.0
2020,4,Corrientes,50102.0,61495.0,3146.0,5626.0,5290.0,125659.0,125656.0,3.0,4243.0,25.0
2020,4,Entre Ríos,85683.0,113670.0,15653.0,20206.0,12169.0,247381.0,247368.0,13.0,5947.0,24.0
2020,4,Formosa,21264.0,10789.0,2432.0,15341.0,380.0,50206.0,50206.0,0.0,3249.0,20.0
2020,4,Jujuy,32850.0,52815.0,15639.0,1077.0,3470.0,105851.0,105851.0,0.0,5346.0,25.0
2020,4,La Pampa,9009.0,58945.0,15432.0,12194.0,1315.0,96895.0,96779.0,116.0,8177.0,10.0
2020,4,La Rioja,17513.0,34984.0,1.0,250.0,30.0,52778.0,52775.0,3.0,5011.0,13.0
2020,4,Mendoza,91842.0,68364.0,36083.0,18331.0,833.0,215453.0,214838.0,615.0,3863.0,11.0
2020,4,Misiones,49462.0,79855.0,6589.0,4359.0,6896.0,147161.0,147161.0,0.0,4264.0,25.0
2020,4,Neuquén,30468.0,70614.0,13732.0,17689.0,632.0,133135.0,132762.0,373.0,67.0,34.0
2020,4,Río Negro,48991.0,42022.0,17826.0,13994.0,18377.0,141210.0,140709.0,501.0,6109.0,22.0
2020,4,Salta,56659.0,87817.0,30604.0,5858.0,6452.0,187390.0,187388.0,2.0,5404.0,25.0
2020,4,San Juan,40072.0,7004.0,6599.0,10468.0,8453.0,72596.0,72340.0,256.0,3632.0,6.0
2020,4,San Luis,8417.0,11767.0,27.0,63019.0,36205.0,119435.0,119287.0,148.0,8168.0,21.0
2020,4,Santa Cruz,12347.0,19657.0,1041.0,4659.0,2970.0,40674.0,40477.0,197.0,37.0,7.0
2020,4,Santa Fe,287271.0,414746.0,62692.0,38712.0,17392.0,820813.0,820676.0,137.0,7358.0,27.0
2020,4,Santiago Del Estero,26812.0,70522.0,570.0,5169.0,3596.0,106669.0,106668.0,1.0,4375.0,11.0
2020,4,Tierra Del Fuego,12853.0,26439.0,6.0,0.0,316.0,39614.0,39325.0,289.0,7627.0,8.0
2020,4,Tucumán,149322.0,11150.0,68043.0,1834.0,740.0,231089.0,231067.0,22.0,5478.0,36.0
2020,3,Buenos Aires,653930.0,2384557.0,749087.0,94162.0,55541.0,3937277.0,3932211.0,5066.0,6766.0,48.0
2020,3,Capital Federal,170375.0,1129573.0,39417.0,3936.0,29374.0,1372675.0,1371285.0,1390.0,10768.0,64.0
2020,3,Catamarca,26868.0,3690.0,16857.0,261.0,2228.0,49904.0,49903.0,1.0,4716.0,37.0
2020,3,Chaco,45745.0,58825.0,20675.0,6706.0,2003.0,133954.0,133951.0,3.0,4154.0,31.0
2020,3,Chubut,45761.0,39386.0,2897.0,23216.0,18767.0,130027.0,129202.0,825.0,6834.0,7.0
2020,3,Córdoba,276360.0,430771.0,102217.0,48368.0,9756.0,867472.0,867417.0,55.0,7522.0,34.0
2020,3,Corrientes,50858.0,58681.0,2960.0,5513.0,5379.0,123391.0,123388.0,3.0,4175.0,24.0
2020,3,Entre Ríos,87892.0,106950.0,13954.0,20379.0,12320.0,241495.0,241482.0,13.0,5819.0,22.0
2020,3,Formosa,21790.0,10003.0,2000.0,15023.0,393.0,49209.0,49209.0,0.0,3191.0,18.0
2020,3,Jujuy,32611.0,57682.0,11112.0,952.0,4371.0,106728.0,106728.0,0.0,5404.0,22.0
2020,3,La Pampa,9015.0,56845.0,14677.0,11893.0,1305.0,93735.0,93619.0,116.0,7926.0,11.0
2020,3,La Rioja,17346.0,34984.0,1.0,250.0,35.0,52616.0,52613.0,3.0,5012.0,12.0
2020,3,Mendoza,91908.0,64672.0,32817.0,17523.0,868.0,207788.0,207173.0,615.0,3735.0,10.0
2020,3,Misiones,50195.0,77989.0,2572.0,3445.0,8985.0,143186.0,143186.0,0.0,416.0,24.0
2020,3,Neuquén,30222.0,70446.0,11043.0,16787.0,737.0,129235.0,128862.0,373.0,6524.0,31.0
2020,3,Río Negro,49530.0,40001.0,10381.0,13187.0,18368.0,131467.0,130966.0,501.0,5705.0,21.0
2020,3,Salta,58216.0,84128.0,25445.0,5764.0,7293.0,180846.0,180844.0,2.0,5232.0,25.0
2020,3,San Juan,40092.0,9223.0,5509.0,14023.0,8480.0,77327.0,77071.0,256.0,3879.0,6.0
2020,3,San Luis,8401.0,10077.0,6.0,61828.0,36253.0,116565.0,116417.0,148.0,7996.0,21.0
2020,3,Santa Cruz,12845.0,16098.0,1027.0,6938.0,2373.0,39281.0,39084.0,197.0,3595.0,7.0
2020,3,Santa Fe,295051.0,405807.0,45721.0,37112.0,19307.0,802998.0,802861.0,137.0,7212.0,26.0
2020,3,Santiago Del Estero,26419.0,70720.0,555.0,4185.0,3613.0,105492.0,105491.0,1.0,4338.0,11.0
2020,3,Tierra Del Fuego,12854.0,26491.0,0.0,0.0,310.0,39655.0,39366.0,289.0,7681.0,9.0
2020,3,Tucumán,149605.0,11752.0,59949.0,1808.0,762.0,223876.0,223854.0,22.0,5323.0,35.0
2020,2,Buenos Aires,661272.0,2244277.0,723072.0,91736.0,57189.0,3777546.0,3772480.0,5066.0,6522.0,46.0
2020,2,Capital Federal,178896.0,1106133.0,39482.0,3937.0,29373.0,1357821.0,1356431.0,1390.0,10641.0,60.0
2020,2,Catamarca,26968.0,3641.0,14878.0,261.0,2228.0,47976.0,47975.0,1.0,4543.0,35.0
2020,2,Chaco,46816.0,56017.0,17266.0,6452.0,1581.0,128132.0,128129.0,3.0,3983.0,28.0
2020,2,Chubut,45761.0,38279.0,1324.0,17678.0,5614.0,108656.0,107831.0,825.0,5734.0,8.0
2020,2,Córdoba,282858.0,415007.0,85818.0,44522.0,8263.0,836468.0,836413.0,55.0,7271.0,31.0
2020,2,Corrientes,51248.0,55536.0,3144.0,3927.0,5011.0,118866.0,118863.0,3.0,403.0,22.0
2020,2,Entre Ríos,89391.0,99423.0,13954.0,20042.0,11303.0,234113.0,234100.0,13.0,5654.0,20.0
2020,2,Formosa,21805.0,9353.0,1882.0,14723.0,169.0,47932.0,47932.0,0.0,3114.0,17.0
2020,2,Jujuy,32705.0,38938.0,5057.0,952.0,16664.0,94316.0,94316.0,0.0,4789.0,16.0
2020,2,La Pampa,8551.0,54422.0,14232.0,11314.0,1290.0,89809.0,89693.0,116.0,761.0,8.0
2020,2,La Rioja,16885.0,34984.0,1.0,250.0,35.0,52155.0,52152.0,3.0,4984.0,12.0
2020,2,Mendoza,91904.0,62941.0,29613.0,15924.0,802.0,201184.0,200569.0,615.0,3625.0,9.0
2020,2,Misiones,50792.0,74497.0,2579.0,3319.0,9153.0,140340.0,140340.0,0.0,4089.0,23.0
2020,2,Neuquén,30256.0,67990.0,11037.0,15755.0,1134.0,126172.0,125799.0,373.0,639.0,29.0
2020,2,Río Negro,49756.0,39650.0,10382.0,11331.0,18367.0,129486.0,128985.0,501.0,5637.0,20.0
2020,2,Salta,59502.0,81740.0,24289.0,5123.0,7108.0,177762.0,177760.0,2.0,5158.0,23.0
2020,2,San Juan,40092.0,8275.0,5509.0,7019.0,8882.0,69777.0,69521.0,256.0,3509.0,6.0
2020,2,San Luis,8401.0,8357.0,6.0,60935.0,36253.0,113952.0,113804.0,148.0,7841.0,21.0
2020,2,Santa Cruz,12845.0,16044.0,1027.0,6585.0,2368.0,38869.0,38672.0,197.0,3579.0,7.0
2020,2,Santa Fe,299974.0,381679.0,46698.0,30487.0,19094.0,777932.0,777795.0,137.0,70.0,24.0
2020,2,Santiago Del Estero,25917.0,72074.0,355.0,3038.0,4063.0,105447.0,105446.0,1.0,4347.0,10.0
2020,2,Tierra Del Fuego,12854.0,26025.0,0.0,0.0,310.0,39189.0,38900.0,289.0,7637.0,8.0
2020,2,Tucumán,150084.0,9833.0,55120.0,1357.0,762.0,217156.0,217134.0,22.0,5178.0,33.0
2020,1,Buenos Aires,673237.0,2210349.0,720688.0,85443.0,18334.0,3708051.0,3702985.0,5066.0,6433.0,45.0
2020,1,Capital Federal,184494.0,1097635.0,38898.0,3911.0,28556.0,1353494.0,1352104.0,1390.0,10598.0,59.0
2020,1,Catamarca,21945.0,3146.0,12056.0,261.0,2227.0,39635.0,39634.0,1.0,3762.0,29.0
2020,1,Chaco,46356.0,54144.0,11958.0,6239.0,1580.0,120277.0,120274.0,3.0,3748.0,26.0
2020,1,Chubut,45763.0,27287.0,1324.0,16885.0,5479.0,96738.0,95938.0,800.0,5127.0,7.0
2020,1,Córdoba,286168.0,406109.0,68512.0,41617.0,8693.0,811099.0,811044.0,55.0,7069.0,29.0
2020,1,Corrientes,51126.0,53231.0,2172.0,2437.0,5004.0,113970.0,113967.0,3.0,3873.0,21.0
2020,1,Entre Ríos,90368.0,95434.0,13245.0,18737.0,14062.0,231846.0,231833.0,13.0,5612.0,19.0
2020,1,Formosa,21068.0,8887.0,1800.0,14510.0,169.0,46434.0,46434.0,0.0,3023.0,16.0
2020,1,Jujuy,32066.0,38938.0,3078.0,942.0,16641.0,91665.0,91665.0,0.0,4667.0,14.0
2020,1,La Pampa,8553.0,53755.0,13821.0,11295.0,1802.0,89226.0,89110.0,116.0,7577.0,7.0
2020,1,La Rioja,13076.0,34984.0,0.0,251.0,29.0,48340.0,48337.0,3.0,4635.0,8.0
2020,1,Mendoza,91955.0,50251.0,28059.0,12465.0,722.0,183452.0,182837.0,615.0,3314.0,8.0
2020,1,Misiones,51458.0,69452.0,1220.0,460.0,10962.0,133552.0,133552.0,0.0,3902.0,22.0
2020,1,Neuquén,29305.0,65951.0,11031.0,14711.0,729.0,121727.0,121354.0,373.0,6185.0,28.0
2020,1,Río Negro,47756.0,38479.0,10381.0,11222.0,18362.0,126200.0,125699.0,501.0,5512.0,19.0
2020,1,Salta,60426.0,75593.0,23025.0,4125.0,7212.0,170381.0,170379.0,2.0,496.0,21.0
2020,1,San Juan,40092.0,6448.0,5508.0,7082.0,5101.0,64231.0,63975.0,256.0,3239.0,6.0
2020,1,San Luis,8301.0,7612.0,5.0,58301.0,36333.0,110552.0,110404.0,148.0,7631.0,21.0
2020,1,Santa Cruz,12845.0,15766.0,1026.0,6817.0,2368.0,38822.0,38625.0,197.0,3597.0,6.0
2020,1,Santa Fe,302366.0,383673.0,35123.0,30488.0,19468.0,771118.0,770981.0,137.0,6952.0,22.0
2020,1,Santiago Del Estero,24695.0,70424.0,200.0,2779.0,4657.0,102755.0,102754.0,1.0,4247.0,10.0
2020,1,Tierra Del Fuego,12854.0,25632.0,0.0,0.0,308.0,38794.0,38505.0,289.0,7607.0,7.0
2020,1,Tucumán,143184.0,10494.0,44687.0,1355.0,347.0,200067.0,200045.0,22.0,4785.0,32.0
2019,4,Buenos Aires,720011.0,2191672.0,669194.0,87111.0,18266.0,3686254.0,3681120.0,5134.0,6425.0,31.0
2019,4,Capital Federal,196938.0,1093143.0,35534.0,3914.0,28576.0,1358105.0,1356695.0,1410.0,10625.0,44.0
2019,4,Catamarca,22999.0,3318.0,9506.0,261.0,2227.0,38311.0,38310.0,1.0,3644.0,25.0
2019,4,Chaco,48661.0,53602.0,8831.0,5229.0,1580.0,117903.0,117900.0,3.0,3684.0,23.0
2019,4,Chubut,47045.0,26977.0,1324.0,15267.0,5489.0,96102.0,95292.0,810.0,5115.0,7.0
2019,4,Córdoba,296872.0,410038.0,53335.0,37750.0,8693.0,806688.0,806633.0,55.0,7048.0,26.0
2019,4,Corrientes,52525.0,51845.0,2002.0,2458.0,5004.0,113834.0,113831.0,3.0,3877.0,19.0
2019,4,Entre Ríos,92981.0,99206.0,12875.0,18561.0,15407.0,239030.0,239017.0,13.0,5799.0,17.0
2019,4,Formosa,21567.0,8684.0,1760.0,14531.0,169.0,46711.0,46711.0,0.0,3047.0,15.0
2019,4,Jujuy,32949.0,37604.0,873.0,814.0,16641.0,88881.0,88881.0,0.0,4538.0,13.0
2019,4,La Pampa,15457.0,56854.0,4942.0,11341.0,1805.0,90399.0,90280.0,119.0,7692.0,7.0
2019,4,La Rioja,13738.0,34984.0,0.0,251.0,29.0,49002.0,48999.0,3.0,4714.0,8.0
2019,4,Mendoza,96678.0,49711.0,24989.0,13672.0,730.0,185780.0,185157.0,623.0,3365.0,8.0
2019,4,Misiones,53116.0,69676.0,847.0,441.0,11733.0,135813.0,135813.0,0.0,3979.0,20.0
2019,4,Neuquén,29826.0,60970.0,10549.0,14246.0,854.0,116445.0,116069.0,376.0,5936.0,26.0
2019,4,Río Negro,49747.0,37933.0,9658.0,11437.0,18365.0,127140.0,126636.0,504.0,5571.0,17.0
2019,4,Salta,63272.0,76062.0,21865.0,3040.0,8206.0,172445.0,172443.0,2.0,5035.0,19.0
2019,4,San Juan,41360.0,6338.0,4931.0,7241.0,5104.0,64974.0,64715.0,259.0,3285.0,6.0
2019,4,San Luis,8569.0,8027.0,6.0,55266.0,36333.0,108201.0,108053.0,148.0,7492.0,21.0
2019,4,Santa Cruz,13264.0,15899.0,1036.0,6800.0,2371.0,39370.0,39170.0,200.0,3671.0,5.0
2019,4,Santa Fe,312072.0,382254.0,27464.0,26978.0,20401.0,769169.0,769019.0,150.0,6948.0,21.0
2019,4,Santiago Del Estero,24682.0,71239.0,200.0,2810.0,4657.0,103588.0,103587.0,1.0,4292.0,10.0
2019,4,Tierra Del Fuego,13261.0,26821.0,0.0,0.0,310.0,40392.0,40101.0,291.0,797.0,7.0
2019,4,Tucumán,146985.0,11012.0,39574.0,725.0,348.0,198644.0,198621.0,23.0,4765.0,30.0
2019,3,Buenos Aires,1277249.0,2144956.0,425386.0,85572.0,27070.0,3960233.0,3950114.0,10119.0,6936.0,26.0
2019,3,Capital Federal,300288.0,1080973.0,24900.0,3895.0,31155.0,1441211.0,1437734.0,3477.0,11265.0,39.0
2019,3,Catamarca,24349.0,5543.0,13.0,244.0,2251.0,32400.0,32391.0,9.0,3088.0,9.0
2019,3,Chaco,50416.0,49156.0,8063.0,5224.0,1592.0,114451.0,114438.0,13.0,3585.0,20.0
2019,3,Chubut,37298.0,27090.0,1917.0,15149.0,7551.0,89005.0,87481.0,1524.0,4757.0,7.0
2019,3,Córdoba,307780.0,399231.0,30064.0,37277.0,8701.0,783053.0,782946.0,107.0,6859.0,23.0
2019,3,Corrientes,53344.0,50230.0,1888.0,2458.0,4839.0,112759.0,112749.0,10.0,3849.0,17.0
2019,3,Entre Ríos,94947.0,96305.0,12888.0,18530.0,15432.0,238102.0,238057.0,45.0,579.0,15.0
2019,3,Formosa,21777.0,8359.0,1476.0,14292.0,162.0,46066.0,46066.0,0.0,3011.0,13.0
2019,3,Jujuy,33110.0,35742.0,274.0,812.0,16638.0,86576.0,86575.0,1.0,4432.0,12.0
2019,3,La Pampa,19469.0,52941.0,4994.0,11462.0,1962.0,90828.0,90559.0,269.0,7745.0,6.0
2019,3,La Rioja,14390.0,34984.0,11.0,251.0,41.0,49677.0,49659.0,18.0,4794.0,8.0
2019,3,Mendoza,148640.0,54312.0,6865.0,12975.0,1545.0,224337.0,223015.0,1322.0,4074.0,6.0
2019,3,Misiones,54493.0,65872.0,829.0,419.0,12270.0,133883.0,133883.0,0.0,3933.0,18.0
2019,3,Neuquén,43347.0,60484.0,5560.0,13512.0,2518.0,125421.0,123435.0,1986.0,6414.0,24.0
2019,3,Río Negro,67478.0,37425.0,9739.0,10806.0,18847.0,144295.0,143391.0,904.0,6342.0,16.0
2019,3,Salta,65799.0,74329.0,733.0,1580.0,9394.0,151835.0,151834.0,1.0,4448.0,15.0
2019,3,San Juan,51670.0,7425.0,1227.0,7241.0,5535.0,73098.0,72535.0,563.0,3706.0,6.0
2019,3,San Luis,13037.0,10561.0,350.0,62286.0,36466.0,122700.0,122409.0,291.0,8523.0,20.0
2019,3,Santa Cruz,10663.0,17056.0,969.0,6544.0,2738.0,37970.0,37642.0,328.0,3563.0,5.0
2019,3,Santa Fe,319396.0,377171.0,18690.0,24269.0,21408.0,760934.0,760706.0,228.0,6887.0,18.0
2019,3,Santiago Del Estero,24556.0,71198.0,219.0,2759.0,34400.0,133132.0,133130.0,2.0,553.0,9.0
2019,3,Tierra Del Fuego,19790.0,26659.0,651.0,0.0,1487.0,48587.0,48043.0,544.0,9646.0,7.0
2019,3,Tucumán,150918.0,12089.0,116.0,684.0,324.0,164131.0,164099.0,32.0,3949.0,19.0
2019,2,Buenos Aires,1284658.0,2079900.0,382971.0,75240.0,32929.0,3855698.0,3845594.0,10104.0,6785.0,22.0
2019,2,Capital Federal,309937.0,1061358.0,36082.0,3962.0,4281.0,1415620.0,1412177.0,3443.0,11055.0,30.0
2019,2,Catamarca,25682.0,5543.0,13.0,146.0,2251.0,33635.0,33626.0,9.0,3213.0,9.0
2019,2,Chaco,50765.0,47448.0,4203.0,4727.0,1591.0,108734.0,108721.0,13.0,3414.0,16.0
2019,2,Chubut,37313.0,26338.0,1917.0,14443.0,7545.0,87556.0,86038.0,1518.0,4699.0,6.0
2019,2,Córdoba,314768.0,388254.0,23023.0,33847.0,15236.0,775128.0,775023.0,105.0,6807.0,18.0
2019,2,Corrientes,53835.0,47431.0,1701.0,2444.0,6138.0,111549.0,111539.0,10.0,3816.0,14.0
2019,2,Entre Ríos,97081.0,91081.0,12764.0,17369.0,17529.0,235824.0,235780.0,44.0,5748.0,12.0
2019,2,Formosa,21916.0,8686.0,1382.0,14292.0,162.0,46438.0,46438.0,0.0,3042.0,11.0
2019,2,Jujuy,33022.0,30742.0,274.0,812.0,21857.0,86707.0,86706.0,1.0,4451.0,12.0
2019,2,La Pampa,19471.0,52101.0,4840.0,10789.0,3004.0,90205.0,89937.0,268.0,7708.0,5.0
2019,2,La Rioja,15014.0,34984.0,11.0,251.0,41.0,50301.0,50283.0,18.0,487.0,8.0
2019,2,Mendoza,148673.0,54027.0,6865.0,12748.0,1544.0,223857.0,222535.0,1322.0,4075.0,6.0
2019,2,Misiones,55373.0,64272.0,543.0,421.0,12269.0,132878.0,132878.0,0.0,3915.0,14.0
2019,2,Neuquén,43420.0,59021.0,4983.0,12792.0,2737.0,122953.0,120954.0,1999.0,6308.0,17.0
2019,2,Río Negro,67841.0,36527.0,4037.0,10485.0,19657.0,138547.0,137632.0,915.0,6109.0,12.0
2019,2,Salta,68827.0,62343.0,725.0,1210.0,9463.0,142568.0,142567.0,1.0,4189.0,13.0
2019,2,San Juan,51680.0,7425.0,1174.0,2870.0,6876.0,70025.0,69461.0,564.0,356.0,6.0
2019,2,San Luis,11130.0,10298.0,347.0,57242.0,38368.0,117385.0,117094.0,291.0,8179.0,20.0
2019,2,Santa Cruz,10665.0,10257.0,379.0,6514.0,2735.0,30550.0,30225.0,325.0,2885.0,6.0
2019,2,Santa Fe,325420.0,355140.0,18236.0,21980.0,22708.0,743484.0,743258.0,226.0,6742.0,15.0
2019,2,Santiago Del Estero,24393.0,64783.0,219.0,2759.0,34600.0,126754.0,126752.0,2.0,5279.0,7.0
2019,2,Tierra Del Fuego,19790.0,25527.0,651.0,0.0,1486.0,47454.0,46910.0,544.0,948.0,6.0
2019,2,Tucumán,153121.0,12089.0,116.0,684.0,321.0,166331.0,166299.0,32.0,4014.0,19.0
2019,1,Buenos Aires,1304507.0,2020730.0,336362.0,64867.0,20201.0,3746667.0,3736563.0,10104.0,6624.0,20.0
2019,1,Capital Federal,328246.0,1030814.0,32281.0,3978.0,4281.0,1399600.0,1396157.0,3443.0,1092.0,25.0
2019,1,Catamarca,26912.0,4443.0,16.0,0.0,2251.0,33622.0,33613.0,9.0,3219.0,8.0
2019,1,Chaco,53409.0,43555.0,1951.0,3628.0,1134.0,103677.0,103664.0,13.0,3264.0,13.0
2019,1,Chubut,37302.0,23065.0,1923.0,14443.0,3045.0,79778.0,78260.0,1518.0,43.0,6.0
2019,1,Córdoba,323272.0,363959.0,19902.0,24615.0,12367.0,744115.0,744010.0,105.0,6552.0,16.0
2019,1,Corrientes,55842.0,43444.0,1615.0,1528.0,58.0,102487.0,102477.0,10.0,3513.0,12.0
2019,1,Entre Ríos,100999.0,90253.0,12723.0,16231.0,12241.0,232447.0,232403.0,44.0,5679.0,11.0
2019,1,Formosa,22570.0,7878.0,940.0,13761.0,62.0,45211.0,45211.0,0.0,2968.0,10.0
2019,1,Jujuy,33248.0,12484.0,153.0,640.0,43622.0,90147.0,90146.0,1.0,4641.0,9.0
2019,1,La Pampa,18832.0,57373.0,2891.0,9023.0,1041.0,89160.0,88892.0,268.0,7635.0,5.0
2019,1,La Rioja,16367.0,34984.0,12.0,252.0,41.0,51656.0,51638.0,18.0,5018.0,7.0
2019,1,Mendoza,148524.0,40205.0,5662.0,10363.0,1544.0,206298.0,204976.0,1322.0,3766.0,6.0
2019,1,Misiones,54898.0,59214.0,465.0,426.0,7717.0,122720.0,122720.0,0.0,3626.0,13.0
2019,1,Neuquén,40747.0,55634.0,3114.0,12510.0,2372.0,114377.0,112321.0,2056.0,5888.0,16.0
2019,1,Río Negro,68377.0,34124.0,3994.0,9736.0,4857.0,121088.0,120173.0,915.0,5357.0,10.0
2019,1,Salta,74426.0,57933.0,647.0,1135.0,1879.0,136020.0,136019.0,1.0,401.0,10.0
2019,1,San Juan,51660.0,5838.0,808.0,2932.0,1207.0,62445.0,61881.0,564.0,3183.0,6.0
2019,1,San Luis,11108.0,7784.0,378.0,53097.0,23968.0,96335.0,96044.0,291.0,6734.0,9.0
2019,1,Santa Cruz,10659.0,4615.0,382.0,6514.0,2735.0,24905.0,24580.0,325.0,2367.0,6.0
2019,1,Santa Fe,340038.0,340344.0,15621.0,23215.0,17860.0,737078.0,736851.0,227.0,6697.0,13.0
2019,1,Santiago Del Estero,25337.0,61547.0,23.0,2847.0,99.0,89853.0,89851.0,2.0,3752.0,6.0
2019,1,Tierra Del Fuego,19789.0,23549.0,1623.0,0.0,1486.0,46447.0,45903.0,544.0,9338.0,6.0
2019,1,Tucumán,159215.0,11670.0,118.0,678.0,321.0,172002.0,171970.0,32.0,4163.0,17.0
2018,4,Buenos Aires,1305576.0,1949637.0,296102.0,65477.0,19814.0,3636606.0,3626502.0,10104.0,646.0,17.0
2018,4,Capital Federal,328253.0,1019490.0,33042.0,3978.0,4257.0,1389020.0,1385577.0,3443.0,10827.0,23.0
2018,4,Catamarca,26912.0,4443.0,16.0,0.0,2212.0,33583.0,33574.0,9.0,3223.0,8.0
2018,4,Chaco,53409.0,43555.0,1940.0,3236.0,1130.0,103270.0,103257.0,13.0,3259.0,13.0
2018,4,Chubut,37215.0,23065.0,952.0,14443.0,3047.0,78722.0,77204.0,1518.0,4261.0,6.0
2018,4,Córdoba,328854.0,355716.0,17675.0,21851.0,13243.0,737339.0,737234.0,105.0,6509.0,16.0
2018,4,Corrientes,55842.0,42418.0,796.0,1515.0,30.0,100601.0,100591.0,10.0,3457.0,12.0
2018,4,Entre Ríos,101168.0,86198.0,4853.0,15472.0,14356.0,222047.0,222003.0,44.0,5437.0,11.0
2018,4,Formosa,22619.0,7880.0,887.0,13761.0,57.0,45204.0,45204.0,0.0,2974.0,10.0
2018,4,Jujuy,33248.0,12484.0,153.0,640.0,43608.0,90133.0,90132.0,1.0,4653.0,9.0
2018,4,La Pampa,18832.0,55337.0,2685.0,7772.0,1010.0,85636.0,85368.0,268.0,7349.0,4.0
2018,4,La Rioja,16367.0,34984.0,12.0,252.0,36.0,51651.0,51633.0,18.0,5035.0,7.0
2018,4,Mendoza,148524.0,40205.0,5665.0,10363.0,1547.0,206304.0,204982.0,1322.0,3776.0,6.0
2018,4,Misiones,55500.0,53673.0,465.0,426.0,6209.0,116273.0,116273.0,0.0,3445.0,12.0
2018,4,Neuquén,40747.0,55634.0,3115.0,12425.0,2444.0,114365.0,112309.0,2056.0,5907.0,16.0
2018,4,Río Negro,68377.0,34292.0,1299.0,8037.0,4832.0,116837.0,115922.0,915.0,5186.0,10.0
2018,4,Salta,74295.0,57539.0,638.0,253.0,1853.0,134578.0,134577.0,1.0,398.0,10.0
2018,4,San Juan,51660.0,5838.0,806.0,2883.0,1211.0,62398.0,61834.0,564.0,319.0,6.0
2018,4,San Luis,11108.0,7784.0,378.0,53097.0,23964.0,96331.0,96040.0,291.0,6755.0,9.0
2018,4,Santa Cruz,10659.0,4615.0,382.0,6378.0,2734.0,24768.0,24443.0,325.0,2369.0,5.0
2018,4,Santa Fe,335519.0,322782.0,14387.0,18705.0,28997.0,720390.0,720161.0,229.0,6559.0,13.0
2018,4,Santiago Del Estero,25339.0,61243.0,23.0,2649.0,81.0,89335.0,89333.0,2.0,374.0,6.0
2018,4,Tierra Del Fuego,19789.0,23349.0,1623.0,0.0,1499.0,46260.0,45716.0,544.0,9359.0,7.0
2018,4,Tucumán,159215.0,11670.0,119.0,686.0,314.0,172004.0,171972.0,32.0,4176.0,17.0
2018,3,Buenos Aires,1435856.0,1929273.0,156382.0,62318.0,26448.0,3610277.0,3599714.0,10563.0,6444.0,17.0
2018,3,Capital Federal,334353.0,1009252.0,35694.0,3872.0,9319.0,1392490.0,1385804.0,6686.0,10845.0,22.0
2018,3,Catamarca,27553.0,4443.0,15.0,1.0,2214.0,34226.0,34215.0,11.0,3292.0,8.0
2018,3,Chaco,53927.0,42359.0,1990.0,2628.0,1129.0,102033.0,102021.0,12.0,3228.0,13.0
2018,3,Chubut,58887.0,23065.0,1239.0,13817.0,6728.0,103736.0,101310.0,2426.0,5639.0,6.0
2018,3,Córdoba,337620.0,342401.0,15785.0,19213.0,10839.0,725858.0,725764.0,94.0,6424.0,15.0
2018,3,Corrientes,56444.0,41300.0,212.0,1468.0,32.0,99456.0,99445.0,11.0,3425.0,11.0
2018,3,Entre Ríos,103318.0,83714.0,2403.0,15093.0,80.0,204608.0,204560.0,48.0,5022.0,11.0
2018,3,Formosa,22777.0,7589.0,817.0,13625.0,57.0,44865.0,44865.0,0.0,2958.0,9.0
2018,3,Jujuy,33363.0,10856.0,32.0,641.0,43.0,44935.0,44934.0,1.0,2326.0,8.0
2018,3,La Pampa,12415.0,54574.0,8437.0,7011.0,987.0,83424.0,83180.0,244.0,7175.0,4.0
2018,3,La Rioja,16587.0,34984.0,13.0,253.0,35.0,51872.0,51855.0,17.0,5073.0,6.0
2018,3,Mendoza,151033.0,40205.0,5744.0,8195.0,1852.0,207029.0,205545.0,1484.0,3799.0,6.0
2018,3,Misiones,56290.0,50793.0,512.0,391.0,56.0,108042.0,108042.0,0.0,321.0,12.0
2018,3,Neuquén,46602.0,54129.0,998.0,12277.0,2712.0,116718.0,114713.0,2005.0,6049.0,15.0
2018,3,Río Negro,68590.0,33474.0,1252.0,5051.0,5125.0,113492.0,112433.0,1059.0,5054.0,10.0
2018,3,Salta,76600.0,53980.0,678.0,234.0,1391.0,132883.0,132882.0,1.0,3943.0,9.0
2018,3,San Juan,54025.0,5838.0,826.0,2744.0,1048.0,64481.0,63823.0,658.0,3305.0,6.0
2018,3,San Luis,11096.0,7784.0,368.0,52859.0,2314.0,74421.0,74121.0,300.0,5235.0,9.0
2018,3,Santa Cruz,18606.0,4574.0,585.0,6238.0,3996.0,33999.0,33565.0,434.0,3273.0,5.0
2018,3,Santa Fe,339126.0,312866.0,11749.0,16337.0,15022.0,695100.0,694883.0,217.0,6341.0,12.0
2018,3,Santiago Del Estero,25805.0,58789.0,23.0,1662.0,81.0,86360.0,86358.0,2.0,3625.0,6.0
2018,3,Tierra Del Fuego,19365.0,22649.0,1502.0,1.0,2047.0,45564.0,45056.0,508.0,9277.0,6.0
2018,3,Tucumán,161209.0,9280.0,110.0,252.0,315.0,171166.0,171135.0,31.0,4168.0,15.0
2018,2,Buenos Aires,1450203.0,1807868.0,143626.0,71256.0,27746.0,3500699.0,3490134.0,10565.0,6278.0,15.0
2018,2,Capital Federal,342431.0,977916.0,35610.0,3908.0,9321.0,1369186.0,1362498.0,6688.0,10653.0,19.0
2018,2,Catamarca,27444.0,4415.0,15.0,1.0,2214.0,34089.0,34078.0,11.0,3286.0,8.0
2018,2,Chaco,54134.0,40750.0,562.0,1946.0,1129.0,98521.0,98509.0,12.0,3125.0,12.0
2018,2,Chubut,58935.0,19591.0,1239.0,14070.0,6729.0,100564.0,98137.0,2427.0,549.0,5.0
2018,2,Córdoba,345141.0,327636.0,13832.0,16355.0,10109.0,713073.0,712979.0,94.0,6327.0,14.0
2018,2,Corrientes,56541.0,39715.0,201.0,1468.0,32.0,97957.0,97946.0,11.0,3381.0,11.0
2018,2,Entre Ríos,104811.0,80376.0,2405.0,12313.0,80.0,199985.0,199937.0,48.0,492.0,10.0
2018,2,Formosa,23543.0,7311.0,18.0,13625.0,57.0,44554.0,44554.0,0,2943.0,9.0
2018,2,Jujuy,33571.0,10856.0,23.0,640.0,43.0,45133.0,45132.0,1.0,2343.0,6.0
2018,2,La Pampa,12416.0,53587.0,8420.0,7011.0,987.0,82421.0,82177.0,244.0,7104.0,4.0
2018,2,La Rioja,16663.0,34984.0,13.0,253.0,35.0,51948.0,51931.0,17.0,5098.0,6.0
2018,2,Mendoza,152938.0,36872.0,3084.0,6206.0,1852.0,200952.0,199468.0,1484.0,3697.0,6.0
2018,2,Misiones,57265.0,47923.0,512.0,391.0,56.0,106147.0,106147.0,0,3163.0,12.0
2018,2,Neuquén,46633.0,52855.0,998.0,12649.0,2713.0,115848.0,113842.0,2006.0,6024.0,13.0
2018,2,Río Negro,68667.0,32795.0,1252.0,4396.0,5125.0,112235.0,111176.0,1059.0,5015.0,10.0
2018,2,Salta,78386.0,53478.0,678.0,234.0,1391.0,134167.0,134166.0,1.0,3994.0,9.0
2018,2,San Juan,54080.0,5068.0,826.0,3079.0,1048.0,64101.0,63443.0,658.0,3295.0,6.0
2018,2,San Luis,11104.0,7666.0,368.0,16.0,2314.0,21468.0,21168.0,300.0,1515.0,6.0
2018,2,Santa Cruz,18615.0,4474.0,585.0,6734.0,3997.0,34405.0,33970.0,435.0,3333.0,5.0
2018,2,Santa Fe,337934.0,304349.0,11354.0,15801.0,15114.0,684552.0,684243.0,309.0,6257.0,12.0
2018,2,Santiago Del Estero,26074.0,55935.0,23.0,1662.0,81.0,83775.0,83773.0,2.0,3526.0,6.0
2018,2,Tierra Del Fuego,19372.0,22756.0,531.0,1.0,2047.0,44707.0,44199.0,508.0,9161.0,6.0
2018,2,Tucumán,160315.0,8965.0,110.0,252.0,315.0,169957.0,169926.0,31.0,4151.0,14.0
2018,1,Buenos Aires,1452061.0,1793884.0,133928.0,64379.0,31194.0,3475446.0,3464882.0,10564.0,6263.0,14.0
2018,1,Capital Federal,349995.0,968483.0,35535.0,3164.0,9393.0,1366570.0,1359882.0,6688.0,10624.0,18.0
2018,1,Catamarca,27300.0,4415.0,15.0,1.0,2214.0,33945.0,33934.0,11.0,3279.0,8.0
2018,1,Chaco,54879.0,40157.0,383.0,388.0,1130.0,96937.0,96925.0,12.0,3083.0,12.0
2018,1,Chubut,56375.0,19591.0,1194.0,14070.0,6729.0,97959.0,95532.0,2427.0,5372.0,5.0
2018,1,Córdoba,349342.0,326894.0,13178.0,13237.0,11275.0,713926.0,713825.0,101.0,6352.0,13.0
2018,1,Corrientes,56937.0,35225.0,888.0,1334.0,33.0,94417.0,94406.0,11.0,3266.0,11.0
2018,1,Entre Ríos,106998.0,75751.0,3789.0,10776.0,80.0,197394.0,197346.0,48.0,4868.0,10.0
2018,1,Formosa,23556.0,7095.0,17.0,1603.0,57.0,32328.0,32328.0,0.0,214.0,11.0
2018,1,Jujuy,33856.0,10456.0,23.0,28.0,43.0,44406.0,44405.0,1.0,2312.0,7.0
2018,1,La Pampa,10807.0,51389.0,8386.0,10556.0,1926.0,83064.0,82668.0,396.0,7175.0,4.0
2018,1,La Rioja,16960.0,34984.0,13.0,253.0,35.0,52245.0,52228.0,17.0,5144.0,6.0
2018,1,Mendoza,152931.0,36872.0,3086.0,6206.0,1852.0,200947.0,199463.0,1484.0,3707.0,6.0
2018,1,Misiones,56311.0,46880.0,328.0,5.0,56.0,103580.0,103580.0,0.0,3096.0,12.0
2018,1,Neuquén,46714.0,55072.0,1000.0,12404.0,2713.0,117903.0,115897.0,2006.0,6152.0,12.0
2018,1,Río Negro,68769.0,31712.0,1251.0,4259.0,5128.0,111119.0,110057.0,1062.0,4982.0,9.0
2018,1,Salta,79936.0,51534.0,118.0,204.0,1391.0,133183.0,133182.0,1.0,3978.0,9.0
2018,1,San Juan,54080.0,5068.0,826.0,2246.0,1048.0,63268.0,62610.0,658.0,3261.0,6.0
2018,1,San Luis,11104.0,7594.0,368.0,16.0,2314.0,21396.0,21096.0,300.0,1515.0,6.0
2018,1,Santa Cruz,18615.0,4474.0,1799.0,6734.0,2783.0,34405.0,33970.0,435.0,3355.0,5.0
2018,1,Santa Fe,341997.0,300421.0,10674.0,11636.0,15298.0,680026.0,679717.0,309.0,6228.0,11.0
2018,1,Santiago Del Estero,26788.0,54594.0,23.0,1432.0,81.0,82918.0,82916.0,2.0,3499.0,6.0
2018,1,Tierra Del Fuego,19372.0,9663.0,531.0,1.0,2047.0,31614.0,31106.0,508.0,652.0,6.0
2018,1,Tucumán,158611.0,8921.0,107.0,368.0,50.0,168057.0,168026.0,31.0,4118.0,9.0
2017,4,Buenos Aires,1241172.0,1718013.0,131181.0,60082.0,31448.0,3181896.0,3171206.0,10690.0,5761.0,13.0
2017,4,Capital Federal,571363.0,961688.0,36277.0,3119.0,9877.0,1582324.0,1575418.0,6906.0,1229.0,15.0
2017,4,Catamarca,27083.0,263.0,11.0,1.0,2200.0,29558.0,29548.0,10.0,2862.0,8.0
2017,4,Chaco,55035.0,39690.0,389.0,380.0,1121.0,96615.0,96603.0,12.0,3081.0,12.0
2017,4,Chubut,56378.0,15097.0,1187.0,14070.0,6708.0,93440.0,91012.0,2428.0,5146.0,5.0
2017,4,Córdoba,349710.0,324709.0,12778.0,12043.0,10739.0,709979.0,709874.0,105.0,6333.0,12.0
2017,4,Corrientes,56786.0,34722.0,894.0,1334.0,35.0,93771.0,93760.0,11.0,3252.0,10.0
2017,4,Entre Ríos,107764.0,73692.0,1894.0,10267.0,86.0,193703.0,193654.0,49.0,4789.0,9.0
2017,4,Formosa,23410.0,6973.0,19.0,1603.0,51.0,32056.0,32056.0,0.0,2127.0,10.0
2017,4,Jujuy,33844.0,9626.0,20.0,28.0,34.0,43552.0,43551.0,1.0,2274.0,7.0
2017,4,La Pampa,10808.0,50495.0,8272.0,10569.0,1927.0,82071.0,81675.0,396.0,7105.0,4.0
2017,4,La Rioja,16912.0,34984.0,14.0,253.0,31.0,52194.0,52177.0,17.0,5157.0,6.0
2017,4,Mendoza,152896.0,16114.0,3015.0,6206.0,1920.0,180151.0,178661.0,1490.0,3333.0,6.0
2017,4,Misiones,56271.0,47470.0,95.0,5.0,54.0,103895.0,103895.0,0.0,3114.0,11.0
2017,4,Neuquén,46739.0,54119.0,1017.0,12404.0,2692.0,116971.0,114965.0,2006.0,6124.0,11.0
2017,4,Río Negro,68690.0,30451.0,1250.0,4259.0,5114.0,109764.0,108702.0,1062.0,4938.0,8.0
2017,4,Salta,80705.0,50446.0,127.0,158.0,1376.0,132812.0,132811.0,1.0,398.0,8.0
2017,4,San Juan,54079.0,451.0,812.0,2246.0,1036.0,58624.0,57965.0,659.0,303.0,6.0
2017,4,San Luis,11104.0,1119.0,335.0,17.0,2329.0,14904.0,14604.0,300.0,1059.0,6.0
2017,4,Santa Cruz,18614.0,1668.0,582.0,4638.0,3950.0,29452.0,29018.0,434.0,2891.0,5.0
2017,4,Santa Fe,341680.0,293831.0,10602.0,10965.0,15382.0,672460.0,672137.0,323.0,6171.0,10.0
2017,4,Santiago Del Estero,27313.0,40407.0,19.0,1025.0,80.0,68844.0,68842.0,2.0,2913.0,6.0
2017,4,Tierra Del Fuego,19372.0,6906.0,530.0,1.0,2045.0,28854.0,28346.0,508.0,5989.0,5.0
2017,4,Tucumán,156583.0,5223.0,105.0,102.0,319.0,162332.0,162298.0,34.0,399.0,9.0
2017,3,Buenos Aires,1288025.0,1571180.0,124920.0,35058.0,38777.0,3057960.0,3046758.0,11202.0,5563.0,8.0
2017,3,Capital Federal,583249.0,941092.0,33481.0,2814.0,9723.0,1570359.0,1563289.0,7070.0,12186.0,11.0
2017,3,Catamarca,26873.0,4411.0,12.0,1.0,2181.0,33478.0,33467.0,11.0,3249.0,5.0
2017,3,Chaco,54888.0,37307.0,456.0,36.0,1072.0,93759.0,93747.0,12.0,2998.0,8.0
2017,3,Chubut,56359.0,5645.0,1217.0,13503.0,6820.0,83544.0,81067.0,2477.0,4622.0,3.0
2017,3,Córdoba,344580.0,319360.0,10579.0,7137.0,14988.0,696644.0,696536.0,108.0,6231.0,9.0
2017,3,Corrientes,56247.0,33993.0,947.0,1334.0,27.0,92548.0,92536.0,12.0,3217.0,7.0
2017,3,Entre Ríos,107774.0,69596.0,1786.0,6245.0,63.0,185464.0,185414.0,50.0,4596.0,7.0
2017,3,Formosa,22647.0,6816.0,428.0,2202.0,12.0,32105.0,32105.0,0.0,2135.0,7.0
2017,3,Jujuy,33796.0,9395.0,20.0,23.0,8.0,43242.0,43241.0,1.0,2265.0,5.0
2017,3,La Pampa,11378.0,49679.0,5153.0,11536.0,1944.0,79690.0,79280.0,410.0,6914.0,3.0
2017,3,La Rioja,16638.0,34984.0,14.0,252.0,25.0,51913.0,51896.0,17.0,5147.0,5.0
2017,3,Mendoza,154036.0,33788.0,2772.0,29.0,1866.0,192491.0,190958.0,1533.0,357.0,4.0
2017,3,Misiones,56472.0,43880.0,110.0,5.0,9.0,100476.0,100476.0,0.0,3021.0,8.0
2017,3,Neuquén,48001.0,52468.0,1044.0,11576.0,2695.0,115784.0,113755.0,2029.0,6083.0,8.0
2017,3,Río Negro,69301.0,30018.0,1106.0,3054.0,4017.0,107496.0,106393.0,1103.0,4852.0,5.0
2017,3,Salta,80782.0,50284.0,127.0,158.0,1167.0,132518.0,132517.0,1.0,3984.0,6.0
2017,3,San Juan,54499.0,5068.0,816.0,1053.0,1013.0,62449.0,61789.0,660.0,3237.0,3.0
2017,3,San Luis,11407.0,7576.0,347.0,26.0,2363.0,21719.0,21408.0,311.0,1548.0,4.0
2017,3,Santa Cruz,19220.0,5487.0,1544.0,4552.0,2887.0,33690.0,33222.0,468.0,3329.0,4.0
2017,3,Santa Fe,322953.0,290655.0,6338.0,4897.0,37499.0,662342.0,662086.0,256.0,6091.0,8.0
2017,3,Santiago Del Estero,27733.0,54096.0,19.0,911.0,35.0,82794.0,82792.0,2.0,3512.0,5.0
2017,3,Tierra Del Fuego,21587.0,7012.0,622.0,1.0,2244.0,31466.0,30883.0,583.0,6574.0,3.0
2017,3,Tucumán,154130.0,6431.0,106.0,40.0,305.0,161012.0,160979.0,33.0,397.0,6.0
2017,2,Buenos Aires,1378549.0,1535037.0,119132.0,21555.0,24358.0,3078631.0,3067430.0,11201.0,5627.0,7.0
2017,2,Capital Federal,615262.0,932466.0,38628.0,2819.0,11016.0,1600191.0,1592175.0,8016.0,12406.0,9.0
2017,2,Catamarca,26401.0,255.0,14.0,1.0,34.0,26705.0,26692.0,13.0,2598.0,5.0
2017,2,Chaco,54449.0,35613.0,458.0,52.0,39.0,90611.0,90597.0,14.0,2905.0,8.0
2017,2,Chubut,43994.0,1067.0,916.0,13194.0,4804.0,63975.0,62245.0,1730.0,3555.0,3.0
2017,2,Córdoba,341748.0,303488.0,4451.0,6446.0,1505.0,657638.0,657505.0,133.0,5897.0,7.0
2017,2,Corrientes,55262.0,33192.0,258.0,1354.0,31.0,90097.0,90085.0,12.0,3139.0,7.0
2017,2,Entre Ríos,108309.0,67650.0,254.0,6448.0,71.0,182732.0,182675.0,57.0,4539.0,6.0
2017,2,Formosa,22493.0,6410.0,17.0,1023.0,13.0,29956.0,29956.0,0.0,1997.0,6.0
2017,2,Jujuy,33742.0,8858.0,22.0,0.0,35.0,42657.0,42656.0,1.0,224.0,5.0
2017,2,La Pampa,12754.0,48310.0,5194.0,6253.0,511.0,73022.0,72573.0,449.0,6349.0,3.0
2017,2,La Rioja,16244.0,0.0,15.0,2.0,28.0,16289.0,16271.0,18.0,162.0,6.0
2017,2,Mendoza,153331.0,13030.0,2581.0,27.0,1784.0,170753.0,169302.0,1451.0,3176.0,4.0
2017,2,Misiones,56752.0,42925.0,103.0,5.0,9.0,99794.0,99794.0,0.0,3009.0,8.0
2017,2,Neuquén,51794.0,50283.0,1133.0,11545.0,2678.0,117433.0,115321.0,2112.0,6191.0,7.0
2017,2,Río Negro,67038.0,29147.0,961.0,3213.0,1260.0,101619.0,100621.0,998.0,4602.0,5.0
2017,2,Salta,80184.0,27280.0,115.0,158.0,804.0,108541.0,108540.0,1.0,3274.0,6.0
2017,2,San Juan,48670.0,451.0,772.0,1073.0,915.0,51881.0,51261.0,620.0,2696.0,3.0
2017,2,San Luis,11432.0,1120.0,354.0,26.0,375.0,13307.0,12992.0,315.0,951.0,4.0
2017,2,Santa Cruz,15311.0,2722.0,1365.0,4735.0,2255.0,26388.0,26019.0,369.0,2625.0,4.0
2017,2,Santa Fe,329813.0,228102.0,3234.0,4958.0,1173.0,567280.0,566918.0,362.0,5227.0,7.0
2017,2,Santiago Del Estero,28337.0,3900.0,19.0,911.0,29.0,33196.0,33194.0,2.0,1412.0,5.0
2017,2,Tierra Del Fuego,22636.0,6905.0,665.0,1.0,2350.0,32557.0,31938.0,619.0,6846.0,3.0
2017,2,Tucumán,149013.0,5223.0,116.0,14.0,45.0,154411.0,154374.0,37.0,3819.0,6.0
2017,1,Buenos Aires,1559178.0,1465817.0,118839.0,21200.0,24342.0,3189376.0,3178174.0,11202.0,5857.0,7.0
2017,1,Capital Federal,428801.0,918328.0,38259.0,2730.0,10928.0,1399046.0,1391030.0,8016.0,10837.0,8.0
2017,1,Catamarca,26020.0,248.0,14.0,1.0,34.0,26317.0,26304.0,13.0,2566.0,5.0
2017,1,Chaco,54430.0,34277.0,252.0,52.0,39.0,89050.0,89036.0,14.0,2862.0,7.0
2017,1,Chubut,43994.0,999.0,916.0,13194.0,4793.0,63896.0,62166.0,1730.0,3566.0,3.0
2017,1,Córdoba,335673.0,293479.0,4871.0,5782.0,1394.0,641199.0,641066.0,133.0,5765.0,7.0
2017,1,Corrientes,54993.0,31994.0,236.0,1354.0,31.0,88608.0,88596.0,12.0,3094.0,6.0
2017,1,Entre Ríos,108509.0,65095.0,230.0,6448.0,71.0,180353.0,180296.0,57.0,4491.0,6.0
2017,1,Formosa,22438.0,6215.0,16.0,1023.0,13.0,29705.0,29705.0,0.0,1984.0,6.0
2017,1,Jujuy,33869.0,9278.0,22.0,0.0,34.0,43203.0,43202.0,1.0,2276.0,4.0
2017,1,La Pampa,12754.0,47195.0,5194.0,6253.0,517.0,71913.0,71458.0,455.0,6267.0,3.0
2017,1,La Rioja,16180.0,0.0,15.0,2.0,28.0,16225.0,16207.0,18.0,162.0,5.0
2017,1,Mendoza,153326.0,13030.0,2581.0,27.0,1769.0,170733.0,169282.0,1451.0,3184.0,4.0
2017,1,Misiones,57363.0,40142.0,101.0,5.0,8.0,97619.0,97619.0,0.0,2952.0,7.0
2017,1,Neuquén,51771.0,48109.0,1124.0,11665.0,2670.0,115339.0,113227.0,2112.0,6102.0,6.0
2017,1,Río Negro,67075.0,28785.0,954.0,3213.0,1261.0,101288.0,100288.0,1000.0,4603.0,4.0
2017,1,Salta,79837.0,26845.0,114.0,158.0,679.0,107633.0,107632.0,1.0,3258.0,5.0
2017,1,San Juan,48670.0,451.0,772.0,1073.0,907.0,51873.0,51253.0,620.0,2704.0,3.0
2017,1,San Luis,11432.0,1120.0,354.0,26.0,375.0,13307.0,12992.0,315.0,955.0,4.0
2017,1,Santa Cruz,15502.0,2722.0,1272.0,4733.0,2257.0,26486.0,26116.0,370.0,2652.0,4.0
2017,1,Santa Fe,327458.0,226094.0,3210.0,4948.0,1172.0,562882.0,562520.0,362.0,5197.0,6.0
2017,1,Santiago Del Estero,29616.0,3900.0,19.0,911.0,29.0,34475.0,34473.0,2.0,147.0,5.0
2017,1,Tierra Del Fuego,22636.0,6905.0,665.0,1.0,2350.0,32557.0,31938.0,619.0,6892.0,3.0
2017,1,Tucumán,147373.0,5223.0,116.0,14.0,45.0,152771.0,152734.0,37.0,379.0,6.0
2016,4,Buenos Aires,1563542.0,1414676.0,118747.0,21394.0,24342.0,3142701.0,3131499.0,11202.0,6124.0,6.0
2016,4,Capital Federal,434835.0,914952.0,38161.0,2583.0,10928.0,1401459.0,1393443.0,8016.0,12063.0,8.0
2016,4,Catamarca,26735.0,250.0,14.0,1.0,34.0,27034.0,27021.0,13.0,2654.0,5.0
2016,4,Chaco,54974.0,33534.0,248.0,52.0,39.0,88847.0,88833.0,14.0,2879.0,7.0
2016,4,Chubut,43994.0,955.0,916.0,13107.0,4793.0,63765.0,62035.0,1730.0,3607.0,3.0
2016,4,Córdoba,337368.0,289344.0,3368.0,5686.0,789.0,636555.0,636422.0,133.0,577.0,6.0
2016,4,Corrientes,54981.0,31497.0,233.0,1354.0,31.0,88096.0,88084.0,12.0,3098.0,6.0
2016,4,Entre Ríos,109359.0,64141.0,226.0,6448.0,71.0,180245.0,180188.0,57.0,4521.0,6.0
2016,4,Formosa,22400.0,6061.0,16.0,1023.0,13.0,29513.0,29513.0,0.0,1985.0,6.0
2016,4,Jujuy,33838.0,8731.0,22.0,0.0,34.0,42625.0,42624.0,1.0,2265.0,4.0
2016,4,La Pampa,12754.0,47245.0,5054.0,6253.0,522.0,71828.0,71368.0,460.0,6302.0,3.0
2016,4,La Rioja,16270.0,0.0,16.0,2.0,28.0,16316.0,16298.0,18.0,1646.0,5.0
2016,4,Mendoza,153320.0,13030.0,2579.0,27.0,1769.0,170725.0,169274.0,1451.0,3211.0,4.0
2016,4,Misiones,57983.0,39294.0,100.0,5.0,8.0,97390.0,97390.0,0.0,2972.0,7.0
2016,4,Neuquén,51742.0,46389.0,1124.0,11910.0,2670.0,113835.0,111723.0,2112.0,6087.0,6.0
2016,4,Río Negro,67057.0,28474.0,954.0,3274.0,1261.0,101020.0,100020.0,1000.0,4639.0,4.0
2016,4,Salta,79389.0,26657.0,110.0,158.0,621.0,106935.0,106934.0,1.0,3269.0,5.0
2016,4,San Juan,48670.0,451.0,772.0,1121.0,907.0,51921.0,51301.0,620.0,2729.0,3.0
2016,4,San Luis,11432.0,1120.0,354.0,26.0,375.0,13307.0,12992.0,315.0,964.0,4.0
2016,4,Santa Cruz,15607.0,2722.0,1055.0,4823.0,2257.0,26464.0,26094.0,370.0,2705.0,4.0
2016,4,Santa Fe,326721.0,225792.0,3201.0,4946.0,1172.0,561832.0,561470.0,362.0,5219.0,6.0
2016,4,Santiago Del Estero,30192.0,3900.0,19.0,911.0,29.0,35051.0,35049.0,2.0,1507.0,5.0
2016,4,Tierra Del Fuego,22636.0,6905.0,665.0,1.0,2350.0,32557.0,31938.0,619.0,7031.0,3.0
2016,4,Tucumán,146995.0,4482.0,116.0,14.0,45.0,151652.0,151615.0,37.0,3798.0,6.0
2016,3,Buenos Aires,1574216.0,1355770.0,113463.0,18867.0,24276.0,3086592.0,3075387.0,11205.0,6014.0,6.0
2016,3,Capital Federal,447726.0,905105.0,36796.0,2514.0,10963.0,1403104.0,1395053.0,8051.0,12077.0,7.0
2016,3,Catamarca,26689.0,248.0,14.0,1.0,18.0,26970.0,26957.0,13.0,2648.0,5.0
2016,3,Chaco,56251.0,32730.0,232.0,2.0,15.0,89230.0,89216.0,14.0,2891.0,7.0
2016,3,Chubut,43987.0,935.0,916.0,13364.0,4750.0,63952.0,62222.0,1730.0,3618.0,3.0
2016,3,Córdoba,348481.0,285480.0,2540.0,5695.0,395.0,642591.0,642458.0,133.0,5824.0,6.0
2016,3,Corrientes,55934.0,30813.0,217.0,1354.0,22.0,88340.0,88328.0,12.0,3107.0,6.0
2016,3,Entre Ríos,112588.0,61850.0,206.0,6441.0,64.0,181149.0,181092.0,57.0,4544.0,6.0
2016,3,Formosa,21800.0,5905.0,9.0,0.0,2.0,27716.0,27716.0,0.0,1864.0,5.0
2016,3,Jujuy,34250.0,8236.0,22.0,0.0,30.0,42538.0,42537.0,1.0,2261.0,4.0
2016,3,La Pampa,12751.0,45952.0,4910.0,6236.0,515.0,70364.0,69903.0,461.0,6173.0,3.0
2016,3,La Rioja,16891.0,0.0,15.0,2.0,22.0,16930.0,16912.0,18.0,1707.0,5.0
2016,3,Mendoza,153233.0,13030.0,2576.0,28.0,1757.0,170624.0,169174.0,1450.0,3209.0,4.0
2016,3,Misiones,59776.0,38130.0,79.0,5.0,7.0,97997.0,97997.0,0.0,2991.0,7.0
2016,3,Neuquén,51752.0,44739.0,1093.0,12402.0,2617.0,112603.0,110491.0,2112.0,6021.0,5.0
2016,3,Río Negro,67043.0,28496.0,942.0,3293.0,1252.0,101026.0,100024.0,1002.0,4639.0,4.0
2016,3,Salta,80866.0,26113.0,90.0,157.0,565.0,107791.0,107790.0,1.0,3296.0,5.0
2016,3,San Juan,48670.0,451.0,770.0,1174.0,903.0,51968.0,51348.0,620.0,2732.0,3.0
2016,3,San Luis,11432.0,1113.0,354.0,23.0,371.0,13293.0,12978.0,315.0,963.0,4.0
2016,3,Santa Cruz,15570.0,2722.0,817.0,4978.0,2170.0,26257.0,25886.0,371.0,2684.0,4.0
2016,3,Santa Fe,334911.0,223011.0,3037.0,4862.0,1190.0,567011.0,566625.0,386.0,5267.0,6.0
2016,3,Santiago Del Estero,31730.0,3900.0,19.0,3.0,8.0,35660.0,35658.0,2.0,1533.0,5.0
2016,3,Tierra Del Fuego,22636.0,6276.0,665.0,1.0,2347.0,31925.0,31306.0,619.0,6894.0,3.0
2016,3,Tucumán,147259.0,3850.0,116.0,53.0,41.0,151319.0,151282.0,37.0,379.0,6.0
2016,2,Buenos Aires,1579448.0,1305949.0,113070.0,21163.0,25661.0,3045291.0,3032776.0,12515.0,5934.0,5.0
2016,2,Capital Federal,450644.0,892209.0,36669.0,2390.0,12672.0,1394584.0,1384824.0,9760.0,12004.0,7.0
2016,2,Catamarca,26262.0,245.0,14.0,1.0,34.0,26556.0,26543.0,13.0,2607.0,4.0
2016,2,Chaco,56112.0,31825.0,221.0,52.0,41.0,88251.0,88235.0,16.0,2859.0,6.0
2016,2,Chubut,43977.0,867.0,916.0,13293.0,4803.0,63856.0,62116.0,1740.0,3612.0,3.0
2016,2,Córdoba,348891.0,277615.0,1709.0,5610.0,1089.0,634914.0,634680.0,234.0,5755.0,6.0
2016,2,Corrientes,55511.0,29845.0,203.0,1354.0,43.0,86956.0,86932.0,24.0,3058.0,6.0
2016,2,Entre Ríos,112809.0,58768.0,169.0,6434.0,193.0,178373.0,178194.0,179.0,4474.0,5.0
2016,2,Formosa,22101.0,5658.0,6.0,1023.0,14.0,28802.0,28801.0,1.0,1937.0,5.0
2016,2,Jujuy,33758.0,7374.0,22.0,0.0,35.0,41189.0,41187.0,2.0,2189.0,4.0
2016,2,La Pampa,12754.0,44654.0,4708.0,6225.0,547.0,68888.0,68403.0,485.0,6044.0,3.0
2016,2,La Rioja,16691.0,0.0,15.0,2.0,28.0,16736.0,16718.0,18.0,1688.0,5.0
2016,2,Mendoza,153321.0,13030.0,2576.0,29.0,1868.0,170824.0,169274.0,1550.0,3213.0,4.0
2016,2,Misiones,59573.0,36145.0,77.0,5.0,15.0,95815.0,95808.0,7.0,2924.0,6.0
2016,2,Neuquén,51742.0,42370.0,1088.0,12466.0,2849.0,110515.0,108224.0,2291.0,591.0,5.0
2016,2,Río Negro,67031.0,28100.0,939.0,3300.0,1334.0,100704.0,99631.0,1073.0,4624.0,4.0
2016,2,Salta,79438.0,24719.0,85.0,151.0,539.0,104932.0,104929.0,3.0,3208.0,5.0
2016,2,San Juan,48670.0,451.0,770.0,1214.0,908.0,52013.0,51392.0,621.0,2734.0,3.0
2016,2,San Luis,11432.0,1063.0,354.0,30.0,377.0,13256.0,12939.0,317.0,96.0,4.0
2016,2,Santa Cruz,15453.0,2722.0,396.0,4996.0,2586.0,26153.0,25797.0,356.0,2673.0,4.0
2016,2,Santa Fe,336244.0,219088.0,2981.0,4744.0,1417.0,564474.0,563867.0,607.0,5244.0,5.0
2016,2,Santiago Del Estero,32101.0,3900.0,19.0,911.0,30.0,36961.0,36958.0,3.0,1589.0,4.0
2016,2,Tierra Del Fuego,22636.0,5707.0,665.0,1.0,2350.0,31359.0,30740.0,619.0,6772.0,3.0
2016,2,Tucumán,145486.0,2968.0,116.0,58.0,49.0,148677.0,148636.0,41.0,3724.0,5.0
2016,1,Buenos Aires,1583560.0,1200859.0,111231.0,21108.0,25757.0,2942515.0,2929903.0,12612.0,5734.0,5.0
2016,1,Capital Federal,454425.0,832126.0,36332.0,2284.0,12729.0,1337896.0,1328079.0,9817.0,11516.0,6.0
2016,1,Catamarca,26096.0,243.0,15.0,1.0,34.0,26389.0,26376.0,13.0,2591.0,4.0
2016,1,Chaco,56353.0,29994.0,211.0,52.0,41.0,86651.0,86635.0,16.0,2808.0,6.0
2016,1,Chubut,43967.0,834.0,916.0,13280.0,4803.0,63800.0,62060.0,1740.0,3609.0,3.0
2016,1,Córdoba,350884.0,252346.0,674.0,5636.0,386.0,609926.0,609692.0,234.0,5528.0,5.0
2016,1,Corrientes,55454.0,28491.0,192.0,1354.0,45.0,85536.0,85510.0,26.0,3008.0,5.0
2016,1,Entre Ríos,113101.0,54948.0,146.0,6425.0,193.0,174813.0,174634.0,179.0,4385.0,5.0
2016,1,Formosa,21852.0,5420.0,5.0,1023.0,14.0,28314.0,28313.0,1.0,1904.0,5.0
2016,1,Jujuy,33481.0,6751.0,22.0,0.0,35.0,40289.0,40287.0,2.0,2141.0,4.0
2016,1,La Pampa,12754.0,41881.0,4536.0,6209.0,549.0,65929.0,65442.0,487.0,5784.0,3.0
2016,1,La Rioja,16645.0,0.0,16.0,2.0,28.0,16691.0,16673.0,18.0,1683.0,5.0
2016,1,Mendoza,153299.0,13030.0,2576.0,34.0,1871.0,170810.0,169257.0,1553.0,3212.0,4.0
2016,1,Misiones,59538.0,33330.0,70.0,5.0,15.0,92958.0,92951.0,7.0,2837.0,6.0
2016,1,Neuquén,51702.0,36122.0,1085.0,12502.0,2850.0,104261.0,101969.0,2292.0,5575.0,4.0
2016,1,Río Negro,66894.0,27312.0,937.0,3341.0,1338.0,99822.0,98745.0,1077.0,4584.0,4.0
2016,1,Salta,78973.0,22741.0,73.0,132.0,507.0,102426.0,102423.0,3.0,3132.0,5.0
2016,1,San Juan,48670.0,451.0,770.0,1195.0,908.0,51994.0,51373.0,621.0,2733.0,3.0
2016,1,San Luis,11432.0,1042.0,354.0,27.0,377.0,13232.0,12915.0,317.0,959.0,4.0
2016,1,Santa Cruz,15654.0,2723.0,396.0,5088.0,2426.0,26287.0,25931.0,356.0,2687.0,3.0
2016,1,Santa Fe,338052.0,204816.0,3014.0,4686.0,1428.0,551996.0,551378.0,618.0,5128.0,5.0
2016,1,Santiago Del Estero,32838.0,3900.0,19.0,911.0,30.0,37698.0,37695.0,3.0,1621.0,4.0
2016,1,Tierra Del Fuego,22636.0,4834.0,665.0,1.0,2350.0,30486.0,29867.0,619.0,6583.0,3.0
2016,1,Tucumán,144233.0,2165.0,116.0,74.0,49.0,146637.0,146596.0,41.0,3672.0,5.0
2015,4,Buenos Aires,1586343.0,1223603.0,103269.0,20397.0,25773.0,2959385.0,2946743.0,12642.0,5829.0,5.0
2015,4,Capital Federal,455427.0,879950.0,19818.0,2273.0,12758.0,1370226.0,1360381.0,9845.0,11813.0,6.0
2015,4,Catamarca,26180.0,242.0,15.0,1.0,34.0,26472.0,26459.0,13.0,2624.0,4.0
2015,4,Chaco,56818.0,29456.0,186.0,52.0,41.0,86553.0,86537.0,16.0,2835.0,6.0
2015,4,Chubut,43968.0,811.0,916.0,13521.0,4803.0,64019.0,62279.0,1740.0,3689.0,3.0
2015,4,Córdoba,353530.0,266062.0,480.0,5613.0,385.0,626070.0,625835.0,235.0,5736.0,5.0
2015,4,Corrientes,55681.0,28178.0,177.0,1354.0,45.0,85435.0,85409.0,26.0,3034.0,5.0
2015,4,Entre Ríos,113983.0,53411.0,122.0,6427.0,194.0,174137.0,173957.0,180.0,4411.0,5.0
2015,4,Formosa,21734.0,5314.0,4.0,1023.0,14.0,28089.0,28088.0,1.0,1907.0,5.0
2015,4,Jujuy,32934.0,6933.0,22.0,0.0,35.0,39924.0,39922.0,2.0,2147.0,4.0
2015,4,La Pampa,12755.0,42705.0,4327.0,6205.0,374.0,66366.0,66054.0,312.0,5876.0,3.0
2015,4,La Rioja,16886.0,0.0,16.0,2.0,28.0,16932.0,16914.0,18.0,1732.0,5.0
2015,4,Mendoza,153293.0,13030.0,2572.0,38.0,1874.0,170807.0,169251.0,1556.0,3249.0,4.0
2015,4,Misiones,60252.0,32533.0,48.0,5.0,15.0,92853.0,92846.0,7.0,2869.0,6.0
2015,4,Neuquén,51680.0,38902.0,1048.0,12934.0,2852.0,107416.0,105122.0,2294.0,5829.0,4.0
2015,4,Río Negro,66851.0,27221.0,915.0,3407.0,1328.0,99722.0,98655.0,1067.0,4644.0,4.0
2015,4,Salta,78744.0,22446.0,47.0,129.0,554.0,101920.0,101917.0,3.0,3159.0,5.0
2015,4,San Juan,48670.0,451.0,770.0,1230.0,908.0,52029.0,51408.0,621.0,2766.0,3.0
2015,4,San Luis,11432.0,1025.0,354.0,30.0,377.0,13218.0,12901.0,317.0,971.0,4.0
2015,4,Santa Cruz,15614.0,2723.0,396.0,5261.0,2409.0,26403.0,26047.0,356.0,2774.0,3.0
2015,4,Santa Fe,339843.0,212911.0,2885.0,4596.0,1437.0,561672.0,561045.0,627.0,5261.0,5.0
2015,4,Santiago Del Estero,33582.0,4365.0,19.0,1139.0,30.0,39135.0,39132.0,3.0,17.0,4.0
2015,4,Tierra Del Fuego,22636.0,4301.0,665.0,1.0,2350.0,29953.0,29334.0,619.0,6646.0,3.0
2015,4,Tucumán,144188.0,1653.0,116.0,88.0,50.0,146095.0,146053.0,42.0,3706.0,5.0
2015,3,Buenos Aires,1585467.0,1183894.0,113590.0,19989.0,25825.0,2928765.0,2916070.0,12695.0,5769.0,5.0
2015,3,Capital Federal,454815.0,871262.0,30974.0,2229.0,12788.0,1372068.0,1362193.0,9875.0,11829.0,6.0
2015,3,Catamarca,25801.0,242.0,15.0,1.0,34.0,26093.0,26080.0,13.0,2586.0,4.0
2015,3,Chaco,56282.0,28809.0,186.0,52.0,41.0,85370.0,85354.0,16.0,2796.0,5.0
2015,3,Chubut,43964.0,792.0,916.0,13408.0,4803.0,63883.0,62143.0,1740.0,3681.0,3.0
2015,3,Córdoba,351692.0,264055.0,1450.0,5412.0,389.0,622998.0,622761.0,237.0,5708.0,5.0
2015,3,Corrientes,55792.0,27604.0,176.0,1340.0,47.0,84959.0,84931.0,28.0,3017.0,5.0
2015,3,Entre Ríos,113909.0,51945.0,122.0,6261.0,197.0,172434.0,172252.0,182.0,4368.0,5.0
2015,3,Formosa,21573.0,5264.0,2.0,899.0,14.0,27752.0,27751.0,1.0,1884.0,4.0
2015,3,Jujuy,32598.0,6895.0,22.0,0.0,35.0,39550.0,39548.0,2.0,2127.0,4.0
2015,3,La Pampa,12755.0,41886.0,4078.0,6195.0,557.0,65471.0,64976.0,495.0,5796.0,3.0
2015,3,La Rioja,16725.0,0.0,16.0,2.0,28.0,16771.0,16753.0,18.0,1715.0,4.0
2015,3,Mendoza,153299.0,13030.0,2572.0,42.0,1880.0,170823.0,169261.0,1562.0,3249.0,4.0
2015,3,Misiones,59921.0,31635.0,46.0,5.0,15.0,91622.0,91615.0,7.0,2831.0,6.0
2015,3,Neuquén,47102.0,36620.0,1045.0,13051.0,2798.0,100616.0,98376.0,2240.0,546.0,4.0
2015,3,Río Negro,66806.0,27130.0,917.0,3415.0,1346.0,99614.0,98529.0,1085.0,4639.0,4.0
2015,3,Salta,78064.0,21688.0,47.0,129.0,645.0,100573.0,100570.0,3.0,3118.0,4.0
2015,3,San Juan,48670.0,451.0,770.0,1231.0,908.0,52030.0,51409.0,621.0,2767.0,3.0
2015,3,San Luis,11432.0,1025.0,354.0,31.0,377.0,13219.0,12902.0,317.0,971.0,4.0
2015,3,Santa Cruz,15540.0,2718.0,396.0,5226.0,2391.0,26271.0,25912.0,359.0,2761.0,3.0
2015,3,Santa Fe,337042.0,209673.0,4169.0,4426.0,1428.0,556738.0,556097.0,641.0,5215.0,5.0
2015,3,Santiago Del Estero,33886.0,4365.0,19.0,1097.0,30.0,39397.0,39394.0,3.0,1712.0,4.0
2015,3,Tierra Del Fuego,22636.0,8085.0,665.0,1.0,2350.0,33737.0,33118.0,619.0,7486.0,3.0
2015,3,Tucumán,142925.0,1135.0,116.0,88.0,50.0,144314.0,144272.0,42.0,3661.0,5.0
2015,2,Buenos Aires,1581770.0,1141052.0,115660.0,19268.0,26040.0,2883790.0,2871079.0,12711.0,568.0,4.0
2015,2,Capital Federal,453178.0,858342.0,19786.0,2172.0,12806.0,1346284.0,1336391.0,9893.0,11607.0,5.0
2015,2,Catamarca,25387.0,242.0,15.0,1.0,34.0,25679.0,25666.0,13.0,2545.0,4.0
2015,2,Chaco,55767.0,27809.0,179.0,52.0,41.0,83848.0,83832.0,16.0,2746.0,5.0
2015,2,Chubut,43949.0,762.0,916.0,13055.0,4803.0,63485.0,61745.0,1740.0,3658.0,3.0
2015,2,Córdoba,348130.0,255596.0,435.0,5199.0,386.0,609746.0,609510.0,236.0,5587.0,5.0
2015,2,Corrientes,55238.0,26553.0,157.0,1321.0,47.0,83316.0,83288.0,28.0,2958.0,5.0
2015,2,Entre Ríos,113378.0,49767.0,119.0,6031.0,197.0,169492.0,169309.0,183.0,4293.0,5.0
2015,2,Formosa,21097.0,5164.0,2.0,737.0,50.0,27050.0,27013.0,37.0,1836.0,4.0
2015,2,Jujuy,32183.0,5482.0,22.0,0.0,35.0,37722.0,37720.0,2.0,2029.0,3.0
2015,2,La Pampa,12756.0,40825.0,3719.0,6190.0,562.0,64052.0,63552.0,500.0,5671.0,3.0
2015,2,La Rioja,16463.0,0.0,16.0,2.0,28.0,16509.0,16491.0,18.0,1688.0,4.0
2015,2,Mendoza,153301.0,13030.0,2572.0,38.0,1882.0,170823.0,169259.0,1564.0,3249.0,4.0
2015,2,Misiones,59179.0,29283.0,37.0,5.0,15.0,88519.0,88512.0,7.0,2735.0,5.0
2015,2,Neuquén,47078.0,34183.0,1044.0,12781.0,2799.0,97885.0,95644.0,2241.0,5312.0,4.0
2015,2,Río Negro,66738.0,26268.0,916.0,3457.0,1348.0,98727.0,97640.0,1087.0,4598.0,4.0
2015,2,Salta,77214.0,20297.0,47.0,129.0,580.0,98267.0,98264.0,3.0,3046.0,4.0
2015,2,San Juan,48670.0,451.0,770.0,1189.0,908.0,51988.0,51367.0,621.0,2764.0,3.0
2015,2,San Luis,11432.0,1025.0,354.0,33.0,377.0,13221.0,12904.0,317.0,971.0,4.0
2015,2,Santa Cruz,15343.0,2707.0,396.0,4917.0,2400.0,25763.0,25384.0,379.0,2707.0,3.0
2015,2,Santa Fe,333117.0,204685.0,2877.0,4320.0,1389.0,546388.0,545739.0,649.0,5118.0,4.0
2015,2,Santiago Del Estero,33873.0,4365.0,19.0,1091.0,30.0,39378.0,39375.0,3.0,1711.0,4.0
2015,2,Tierra Del Fuego,22636.0,7927.0,665.0,1.0,2350.0,33579.0,32960.0,619.0,7451.0,3.0
2015,2,Tucumán,139944.0,479.0,116.0,88.0,50.0,140677.0,140635.0,42.0,3569.0,4.0
2015,1,Buenos Aires,1583135.0,1096836.0,134177.0,18754.0,28940.0,2861842.0,2847076.0,14766.0,5637.0,4.0
2015,1,Capital Federal,454934.0,841743.0,19334.0,1994.0,14716.0,1332721.0,1321139.0,11582.0,1149.0,5.0
2015,1,Catamarca,25033.0,241.0,16.0,1.0,41.0,25332.0,25312.0,20.0,2511.0,3.0
2015,1,Chaco,54952.0,26161.0,164.0,27.0,56.0,81360.0,81329.0,31.0,2665.0,5.0
2015,1,Chubut,45645.0,717.0,906.0,12540.0,5465.0,65273.0,63327.0,1946.0,3761.0,3.0
2015,1,Córdoba,343883.0,247564.0,415.0,4645.0,450.0,596957.0,596663.0,294.0,547.0,4.0
2015,1,Corrientes,54649.0,25372.0,129.0,1319.0,62.0,81531.0,81488.0,43.0,2895.0,5.0
2015,1,Entre Ríos,112363.0,47411.0,108.0,5943.0,245.0,166070.0,165839.0,231.0,4207.0,4.0
2015,1,Formosa,21022.0,4951.0,1.0,670.0,56.0,26700.0,26657.0,43.0,1812.0,3.0
2015,1,Jujuy,31505.0,5048.0,22.0,0.0,36.0,36611.0,36608.0,3.0,1969.0,3.0
2015,1,La Pampa,13143.0,39571.0,3215.0,6164.0,604.0,62697.0,62155.0,542.0,5551.0,3.0
2015,1,La Rioja,16282.0,0.0,16.0,2.0,33.0,16333.0,16310.0,23.0,167.0,4.0
2015,1,Mendoza,152433.0,13030.0,2542.0,29.0,2126.0,170160.0,168355.0,1805.0,3237.0,4.0
2015,1,Misiones,58262.0,26836.0,30.0,5.0,13.0,85146.0,85139.0,7.0,2631.0,5.0
2015,1,Neuquén,47518.0,32152.0,1024.0,12088.0,2960.0,95742.0,93373.0,2369.0,5195.0,4.0
2015,1,Río Negro,66274.0,25217.0,907.0,3473.0,1462.0,97333.0,96145.0,1188.0,4533.0,4.0
2015,1,Salta,76280.0,19781.0,47.0,129.0,574.0,96811.0,96793.0,18.0,3001.0,4.0
2015,1,San Juan,48441.0,451.0,755.0,1165.0,1007.0,51819.0,51117.0,702.0,2755.0,3.0
2015,1,San Luis,11414.0,1025.0,351.0,30.0,412.0,13232.0,12878.0,354.0,972.0,4.0
2015,1,Santa Cruz,16215.0,2700.0,392.0,4772.0,2562.0,26641.0,26217.0,424.0,2799.0,3.0
2015,1,Santa Fe,328809.0,199037.0,2845.0,4239.0,1507.0,536437.0,535640.0,797.0,5024.0,4.0
2015,1,Santiago Del Estero,33813.0,4365.0,19.0,1020.0,35.0,39252.0,39244.0,8.0,1706.0,4.0
2015,1,Tierra Del Fuego,22291.0,7924.0,657.0,1.0,2583.0,33456.0,32726.0,730.0,7423.0,3.0
2015,1,Tucumán,137857.0,115.0,116.0,88.0,100.0,138276.0,138184.0,92.0,3508.0,4.0
2014,4,Buenos Aires,1575978.0,1070135.0,120528.0,17728.0,32038.0,2816407.0,2801178.0,15229.0,5609.0,4.0
2014,4,Capital Federal,455785.0,840224.0,17155.0,1962.0,15394.0,1330520.0,1318526.0,11994.0,1149.0,5.0
2014,4,Catamarca,25192.0,241.0,16.0,0.0,44.0,25493.0,25472.0,21.0,2551.0,3.0
2014,4,Chaco,55024.0,10918.0,31.0,0.0,62.0,66035.0,65998.0,37.0,2187.0,4.0
2014,4,Chubut,48539.0,697.0,891.0,12256.0,6159.0,68542.0,66557.0,1985.0,4025.0,3.0
2014,4,Córdoba,345157.0,240452.0,419.0,3918.0,486.0,590432.0,590113.0,319.0,547.0,4.0
2014,4,Corrientes,54754.0,9526.0,40.0,1315.0,75.0,65710.0,65656.0,54.0,2356.0,4.0
2014,4,Entre Ríos,112291.0,23027.0,57.0,5178.0,260.0,140813.0,140567.0,246.0,3603.0,4.0
2014,4,Formosa,21245.0,4896.0,1.0,0.0,65.0,26207.0,26156.0,51.0,1796.0,3.0
2014,4,Jujuy,31349.0,4583.0,22.0,37.0,11.0,36002.0,35999.0,3.0,196.0,3.0
2014,4,La Pampa,16043.0,34281.0,514.0,5894.0,648.0,57380.0,56813.0,567.0,5127.0,3.0
2014,4,La Rioja,16352.0,0.0,17.0,0.0,33.0,16402.0,16379.0,23.0,1701.0,4.0
2014,4,Mendoza,151797.0,13030.0,2534.0,31.0,2222.0,169614.0,167766.0,1848.0,3264.0,4.0
2014,4,Misiones,58435.0,18613.0,16.0,150.0,15.0,77229.0,77222.0,7.0,2416.0,4.0
2014,4,Neuquén,47721.0,31778.0,1014.0,11853.0,3030.0,95396.0,92999.0,2397.0,5255.0,4.0
2014,4,Río Negro,66307.0,23703.0,901.0,3819.0,1530.0,96260.0,95050.0,1210.0,4548.0,4.0
2014,4,Salta,76026.0,17289.0,48.0,6.0,578.0,93947.0,93921.0,26.0,2953.0,4.0
2014,4,San Juan,48653.0,451.0,740.0,1202.0,1073.0,52119.0,51390.0,729.0,2804.0,3.0
2014,4,San Luis,11419.0,926.0,355.0,24.0,423.0,13147.0,12788.0,359.0,979.0,4.0
2014,4,Santa Cruz,17553.0,448.0,388.0,4395.0,2929.0,25713.0,25277.0,436.0,278.0,3.0
2014,4,Santa Fe,335267.0,183009.0,3205.0,6282.0,1634.0,529397.0,528459.0,938.0,50.0,4.0
2014,4,Santiago Del Estero,34110.0,4231.0,19.0,920.0,37.0,39317.0,39308.0,9.0,1727.0,3.0
2014,4,Tierra Del Fuego,21948.0,3664.0,655.0,1.0,2722.0,28990.0,28249.0,741.0,6614.0,3.0
2014,4,Tucumán,137093.0,97.0,116.0,13.0,105.0,137424.0,137329.0,95.0,3532.0,4.0
2014,3,Buenos Aires,1562533.0,1110628.0,124474.0,20049.0,31881.0,2849565.0,2835537.0,14028.0,5675.0,4.0
2014,3,Capital Federal,450155.0,833402.0,17886.0,1995.0,14387.0,1317825.0,1307195.0,10630.0,1138.0,4.0
2014,3,Catamarca,24380.0,244.0,15.0,0.0,47.0,24686.0,24665.0,21.0,2471.0,3.0
2014,3,Chaco,53321.0,10336.0,29.0,1.0,59.0,63746.0,63710.0,36.0,2111.0,3.0
2014,3,Chubut,49219.0,668.0,882.0,11853.0,6515.0,69137.0,67130.0,2007.0,406.0,3.0
2014,3,Córdoba,340212.0,240334.0,444.0,4064.0,377.0,585431.0,585231.0,200.0,5423.0,4.0
2014,3,Corrientes,52957.0,9184.0,31.0,1312.0,65.0,63549.0,63516.0,33.0,2279.0,3.0
2014,3,Entre Ríos,108907.0,22440.0,48.0,5203.0,135.0,136733.0,136618.0,115.0,3498.0,3.0
2014,3,Formosa,21021.0,4836.0,0.0,0.0,80.0,25937.0,25873.0,64.0,1777.0,3.0
2014,3,Jujuy,30128.0,3541.0,22.0,37.0,13.0,33741.0,33739.0,2.0,1837.0,3.0
2014,3,La Pampa,16051.0,33940.0,538.0,11219.0,677.0,62425.0,61861.0,564.0,5578.0,3.0
2014,3,La Rioja,15864.0,0.0,14.0,1.0,37.0,15916.0,15893.0,23.0,1651.0,3.0
2014,3,Mendoza,150120.0,13030.0,2512.0,40.0,2222.0,167924.0,166184.0,1740.0,3231.0,4.0
2014,3,Misiones,56933.0,18373.0,4.0,3.0,14.0,75327.0,75327.0,0.0,2357.0,4.0
2014,3,Neuquén,54458.0,30964.0,1000.0,12858.0,3087.0,102367.0,100099.0,2268.0,564.0,4.0
2014,3,Río Negro,65264.0,26590.0,888.0,3533.0,1505.0,97780.0,96629.0,1151.0,462.0,3.0
2014,3,Salta,73828.0,18394.0,43.0,109.0,580.0,92954.0,92929.0,25.0,2922.0,3.0
2014,3,San Juan,48272.0,451.0,731.0,1199.0,1126.0,51779.0,51031.0,748.0,2785.0,3.0
2014,3,San Luis,11303.0,925.0,355.0,25.0,438.0,13046.0,12683.0,363.0,971.0,4.0
2014,3,Santa Cruz,17862.0,492.0,385.0,4273.0,3098.0,26110.0,25664.0,446.0,2823.0,3.0
2014,3,Santa Fe,325577.0,183630.0,4407.0,6540.0,733.0,520887.0,520196.0,691.0,492.0,3.0
2014,3,Santiago Del Estero,32820.0,3900.0,19.0,768.0,41.0,37548.0,37539.0,9.0,1649.0,3.0
2014,3,Tierra Del Fuego,21840.0,3469.0,650.0,1.0,2832.0,28792.0,28037.0,755.0,6569.0,3.0
2014,3,Tucumán,131739.0,97.0,117.0,13.0,100.0,132066.0,131978.0,88.0,3394.0,3.0
2014,2,Buenos Aires,1568881.0,1025490.0,120008.0,17020.0,33147.0,2764546.0,2750430.0,14116.0,5506.0,4.0
2014,2,Capital Federal,447637.0,828411.0,17729.0,1883.0,14555.0,1310215.0,1299502.0,10713.0,11314.0,4.0
2014,2,Catamarca,24380.0,243.0,17.0,0.0,43.0,24683.0,24660.0,23.0,247.0,3.0
2014,2,Chaco,53321.0,9870.0,30.0,0.0,58.0,63279.0,63243.0,36.0,2096.0,3.0
2014,2,Chubut,51070.0,649.0,866.0,10960.0,6974.0,70519.0,68503.0,2016.0,4141.0,3.0
2014,2,Córdoba,337825.0,234729.0,351.0,3673.0,374.0,576952.0,576747.0,205.0,5345.0,4.0
2014,2,Corrientes,52883.0,8680.0,31.0,1309.0,55.0,62958.0,62925.0,33.0,2258.0,3.0
2014,2,Entre Ríos,108900.0,21706.0,49.0,4795.0,133.0,135583.0,135468.0,115.0,3469.0,3.0
2014,2,Formosa,20894.0,4628.0,0.0,0.0,78.0,25600.0,25535.0,65.0,1754.0,3.0
2014,2,Jujuy,30128.0,4161.0,23.0,40.0,9.0,34361.0,34359.0,2.0,1871.0,3.0
2014,2,La Pampa,15957.0,32600.0,513.0,5869.0,689.0,55628.0,55048.0,580.0,4971.0,3.0
2014,2,La Rioja,15864.0,0.0,14.0,0.0,34.0,15912.0,15889.0,23.0,165.0,3.0
2014,2,Mendoza,148979.0,13030.0,2480.0,36.0,2282.0,166807.0,165046.0,1761.0,321.0,4.0
2014,2,Misiones,56933.0,17594.0,4.0,150.0,8.0,74689.0,74689.0,0.0,2337.0,4.0
2014,2,Neuquén,47767.0,29776.0,997.0,10765.0,2983.0,92288.0,90053.0,2235.0,5084.0,4.0
2014,2,Río Negro,64920.0,24944.0,876.0,3657.0,1560.0,95957.0,94812.0,1145.0,4533.0,3.0
2014,2,Salta,73841.0,17504.0,45.0,7.0,577.0,91974.0,91949.0,25.0,2891.0,3.0
2014,2,San Juan,48161.0,451.0,722.0,1139.0,1173.0,51646.0,50891.0,755.0,2778.0,3.0
2014,2,San Luis,11306.0,925.0,354.0,22.0,448.0,13055.0,12691.0,364.0,972.0,4.0
2014,2,Santa Cruz,18956.0,448.0,381.0,4118.0,3266.0,27169.0,26710.0,459.0,2938.0,3.0
2014,2,Santa Fe,324101.0,178495.0,3085.0,6041.0,636.0,512358.0,511753.0,605.0,4839.0,3.0
2014,2,Santiago Del Estero,32820.0,4231.0,19.0,907.0,34.0,38011.0,38002.0,9.0,167.0,3.0
2014,2,Tierra Del Fuego,21618.0,3008.0,648.0,1.0,2934.0,28209.0,27443.0,766.0,6436.0,3.0
2014,2,Tucumán,131740.0,97.0,121.0,13.0,98.0,132069.0,131981.0,88.0,3394.0,3.0
2014,1,Buenos Aires,1567685.0,1000879.0,120960.0,16528.0,33824.0,2739876.0,2725732.0,14144.0,5457.0,4.0
2014,1,Capital Federal,445569.0,820161.0,17767.0,1866.0,14555.0,1299918.0,1289204.0,10714.0,11225.0,4.0
2014,1,Catamarca,24126.0,46.0,17.0,0.0,43.0,24232.0,24209.0,23.0,2425.0,3.0
2014,1,Chaco,52971.0,9497.0,30.0,0.0,58.0,62556.0,62520.0,36.0,2072.0,3.0
2014,1,Chubut,51066.0,539.0,866.0,10776.0,6974.0,70221.0,68205.0,2016.0,4124.0,3.0
2014,1,Córdoba,336841.0,225769.0,347.0,3585.0,368.0,566910.0,566705.0,205.0,5252.0,3.0
2014,1,Corrientes,52565.0,8279.0,31.0,1306.0,55.0,62236.0,62203.0,33.0,2232.0,3.0
2014,1,Entre Ríos,107883.0,21379.0,49.0,4887.0,133.0,134331.0,134216.0,115.0,3437.0,3.0
2014,1,Formosa,20774.0,4548.0,0.0,0.0,100.0,25422.0,25335.0,87.0,1742.0,3.0
2014,1,Jujuy,29765.0,4030.0,23.0,0.0,9.0,33827.0,33825.0,2.0,1842.0,3.0
2014,1,La Pampa,15826.0,31305.0,513.0,5848.0,701.0,54193.0,53601.0,592.0,4843.0,3.0
2014,1,La Rioja,15663.0,0.0,14.0,0.0,34.0,15711.0,15688.0,23.0,1629.0,3.0
2014,1,Mendoza,148970.0,12076.0,2480.0,37.0,2282.0,165845.0,164084.0,1761.0,3191.0,4.0
2014,1,Misiones,56597.0,17191.0,4.0,150.0,8.0,73950.0,73950.0,0.0,2314.0,3.0
2014,1,Neuquén,47790.0,28161.0,997.0,10381.0,3051.0,90380.0,88077.0,2303.0,4979.0,4.0
2014,1,Río Negro,64886.0,24156.0,876.0,3576.0,1572.0,95066.0,93909.0,1157.0,4491.0,3.0
2014,1,Salta,73131.0,17538.0,45.0,8.0,568.0,91290.0,91265.0,25.0,287.0,3.0
2014,1,San Juan,48161.0,434.0,722.0,808.0,1173.0,51298.0,50543.0,755.0,276.0,3.0
2014,1,San Luis,11306.0,428.0,354.0,21.0,448.0,12557.0,12193.0,364.0,935.0,4.0
2014,1,Santa Cruz,18927.0,100.0,381.0,4092.0,3264.0,26764.0,26304.0,460.0,2894.0,3.0
2014,1,Santa Fe,322662.0,174296.0,3059.0,5951.0,644.0,506612.0,506000.0,612.0,4785.0,3.0
2014,1,Santiago Del Estero,32567.0,3598.0,19.0,915.0,34.0,37133.0,37124.0,9.0,1631.0,3.0
2014,1,Tierra Del Fuego,21618.0,2837.0,648.0,1.0,2934.0,28038.0,27272.0,766.0,6397.0,3.0
2014,1,Tucumán,129717.0,83.0,121.0,13.0,98.0,130032.0,129944.0,88.0,3342.0,3.0
